timestamp,open,close,high,low,volume
2018-02-01 00:00:00+00:00,2200.0,2110.0,2225.5,2082.5,179977
2018-02-02 00:00:00+00:00,2129.0,2052.0,2130.0,2015.0,129069
2018-02-05 00:00:00+00:00,2070.0,2089.5,2090.0,2013.0,67260
2018-02-06 00:00:00+00:00,2060.0,2070.0,2088.5,2005.0,60393
2018-02-07 00:00:00+00:00,2020.0,2090.0,2117.0,2020.0,22826
2018-02-08 00:00:00+00:00,2090.0,2134.0,2195.0,2060.0,32091
2018-02-09 00:00:00+00:00,2064.0,2046.0,2120.0,2035.0,28724
2018-02-12 00:00:00+00:00,2065.0,2100.5,2125.0,2052.5,11486
2018-02-13 00:00:00+00:00,2150.0,2141.5,2150.0,2091.0,27529
2018-02-14 00:00:00+00:00,2149.5,2150.5,2172.0,2142.5,28268
2018-02-15 00:00:00+00:00,2150.5,2144.5,2155.0,2112.0,22475
2018-02-16 00:00:00+00:00,2157.5,2130.0,2260.0,2080.0,55935
2018-02-19 00:00:00+00:00,2209.0,2079.5,2209.0,2060.0,41100
2018-02-20 00:00:00+00:00,2075.0,1979.5,2075.5,1941.5,83633
2018-02-21 00:00:00+00:00,1979.5,1958.0,2019.5,1905.5,44033
2018-02-22 00:00:00+00:00,1958.0,1996.5,2030.0,1930.0,52056
2018-02-23 00:00:00+00:00,1958.0,1996.5,2030.0,1930.0,52056
2018-02-26 00:00:00+00:00,2020.0,2017.0,2035.0,2003.0,13766
2018-02-27 00:00:00+00:00,2034.0,2017.0,2034.0,2003.5,3936
2018-02-28 00:00:00+00:00,2006.5,2015.0,2029.0,2002.5,13954
2018-03-01 00:00:00+00:00,2023.5,2040.0,2040.0,1994.5,56625
2018-03-02 00:00:00+00:00,2020.0,2000.5,2044.5,1969.5,93981
2018-03-05 00:00:00+00:00,2006.5,2002.0,2050.0,1980.0,41937
2018-03-06 00:00:00+00:00,2001.5,1943.5,2032.5,1930.0,140872
2018-03-07 00:00:00+00:00,1926.5,1952.0,1960.0,1920.0,61670
2018-03-09 00:00:00+00:00,1935.0,1962.0,1968.0,1935.0,58639
2018-03-12 00:00:00+00:00,1965.5,1965.0,1980.0,1937.0,52950
2018-03-13 00:00:00+00:00,1965.5,1913.5,1975.0,1905.0,104967
2018-03-14 00:00:00+00:00,1913.5,1889.0,1922.5,1867.0,131148
2018-03-15 00:00:00+00:00,1886.5,1934.0,1965.0,1850.0,128760
2018-03-16 00:00:00+00:00,1933.5,1946.0,1966.5,1926.0,146579
2018-03-19 00:00:00+00:00,1965.0,1936.5,1981.5,1894.5,56059
2018-03-20 00:00:00+00:00,1935.0,1893.5,1935.0,1878.5,101689
2018-03-21 00:00:00+00:00,1893.0,1925.0,1936.0,1875.0,158238
2018-03-22 00:00:00+00:00,1924.0,1888.0,1946.0,1861.0,144337
2018-03-23 00:00:00+00:00,1887.5,1829.0,1900.0,1800.0,155241
2018-03-26 00:00:00+00:00,1858.0,1840.0,1862.5,1809.5,64158
2018-03-27 00:00:00+00:00,1840.5,1835.5,1849.0,1800.0,102732
2018-03-28 00:00:00+00:00,1835.5,1821.0,1847.0,1801.5,97808
2018-03-29 00:00:00+00:00,1821.0,1968.0,2019.0,1821.0,277740
2018-03-30 00:00:00+00:00,1969.5,1939.0,1978.0,1927.0,113801
2018-04-02 00:00:00+00:00,1947.0,1944.5,1965.0,1913.5,20444
2018-04-03 00:00:00+00:00,1940.0,1935.0,1961.5,1919.0,89301
2018-04-04 00:00:00+00:00,1936.0,1932.5,1959.0,1927.5,101659
2018-04-05 00:00:00+00:00,1934.5,2007.0,2050.0,1934.5,102497
2018-04-06 00:00:00+00:00,2007.0,2067.0,2069.5,2000.0,139193
2018-04-09 00:00:00+00:00,2020.0,1905.5,2022.0,1730.0,302360
2018-04-10 00:00:00+00:00,1907.5,1902.0,1973.5,1865.5,178820
2018-04-11 00:00:00+00:00,1903.0,1919.0,1965.0,1812.0,209591
2018-04-12 00:00:00+00:00,1920.5,1918.0,1948.0,1850.0,228717
2018-04-13 00:00:00+00:00,1918.0,1903.0,1940.0,1881.5,120600
2018-04-16 00:00:00+00:00,1857.0,1900.5,1938.0,1855.0,63314
2018-04-17 00:00:00+00:00,1901.0,1985.5,2056.5,1896.5,169461
2018-04-18 00:00:00+00:00,1985.0,2076.5,2100.0,1960.5,143588
2018-04-19 00:00:00+00:00,2076.5,1996.5,2095.0,1960.5,122202
2018-04-20 00:00:00+00:00,1996.5,1974.5,1996.5,1952.0,68221
2018-04-23 00:00:00+00:00,1974.5,1911.0,1993.5,1908.0,136450
2018-04-24 00:00:00+00:00,1910.5,1909.0,1953.0,1901.5,125273
2018-04-25 00:00:00+00:00,1908.0,1804.0,1909.5,1780.5,386937
2018-04-26 00:00:00+00:00,1804.0,1715.0,1809.0,1654.0,641075
2018-04-27 00:00:00+00:00,1713.5,1808.5,1825.0,1713.5,337292
2018-04-28 00:00:00+00:00,1810.0,1806.0,1823.5,1770.0,70167
2018-04-30 00:00:00+00:00,1800.5,1818.5,1825.0,1781.0,33531
2018-05-02 00:00:00+00:00,1798.0,1832.5,1840.5,1782.5,44164
2018-05-03 00:00:00+00:00,1831.5,1816.0,1837.0,1790.0,64448
2018-05-04 00:00:00+00:00,1815.5,1810.5,1835.0,1797.5,56358
2018-05-07 00:00:00+00:00,1836.0,1840.0,1861.0,1834.5,47850
2018-05-08 00:00:00+00:00,1840.0,1861.5,1900.0,1829.0,152217
2018-05-10 00:00:00+00:00,1853.0,1797.0,1885.0,1780.0,122717
2018-05-11 00:00:00+00:00,1799.0,1800.5,1822.0,1785.5,185715
2018-05-14 00:00:00+00:00,1820.0,1857.0,1867.5,1800.0,170072
2018-05-15 00:00:00+00:00,1855.0,1907.0,1953.5,1855.0,835377
2018-05-16 00:00:00+00:00,1908.0,1913.5,1934.0,1897.0,582802
2018-05-17 00:00:00+00:00,1915.0,1918.5,1930.0,1896.0,405478
2018-05-18 00:00:00+00:00,1918.0,1906.0,1925.0,1874.0,588003
2018-05-21 00:00:00+00:00,1880.0,1875.5,1904.5,1860.0,319476
2018-05-22 00:00:00+00:00,1875.5,1841.5,1875.5,1817.5,501889
2018-05-23 00:00:00+00:00,1841.0,1873.5,1881.0,1837.5,418206
2018-05-24 00:00:00+00:00,1874.0,1805.0,1874.0,1792.0,527321
2018-05-25 00:00:00+00:00,1805.5,1833.0,1878.5,1800.0,393067
2018-05-28 00:00:00+00:00,1845.0,1906.5,1925.0,1845.0,409921
2018-05-29 00:00:00+00:00,1907.0,1850.5,1916.5,1783.0,881974
2018-05-30 00:00:00+00:00,1850.0,1761.0,1850.0,1760.0,1457791
2018-05-31 00:00:00+00:00,1760.0,1757.0,1808.0,1725.0,1255876
2018-06-01 00:00:00+00:00,1757.0,1760.0,1800.0,1748.0,6632957
2018-06-04 00:00:00+00:00,1757.0,1768.5,1783.0,1754.5,249605
2018-06-05 00:00:00+00:00,1769.5,1759.5,1780.0,1751.5,150741
2018-06-06 00:00:00+00:00,1759.5,1761.5,1790.0,1754.5,652263
2018-06-07 00:00:00+00:00,1761.5,1759.5,1789.0,1743.5,447060
2018-06-08 00:00:00+00:00,1759.5,1675.0,1759.5,1652.0,467367
2018-06-09 00:00:00+00:00,1690.5,1683.5,1690.5,1671.5,10036
2018-06-11 00:00:00+00:00,1683.0,1675.5,1727.0,1670.5,120447
2018-06-13 00:00:00+00:00,1684.0,1650.5,1694.0,1650.5,178547
2018-06-14 00:00:00+00:00,1650.5,1645.5,1675.0,1617.0,128204
2018-06-15 00:00:00+00:00,1646.0,1627.5,1670.0,1627.5,220646
2018-06-18 00:00:00+00:00,1626.5,1645.0,1664.5,1615.0,193231
2018-06-19 00:00:00+00:00,1634.0,1682.0,1694.0,1633.0,165698
2018-06-20 00:00:00+00:00,1695.5,1730.0,1746.5,1677.0,179186
2018-06-21 00:00:00+00:00,1746.5,1770.0,1795.0,1730.5,184271
2018-06-22 00:00:00+00:00,1766.0,1729.0,1780.0,1726.5,155552
2018-06-25 00:00:00+00:00,1710.5,1766.5,1792.5,1710.5,156785
2018-06-26 00:00:00+00:00,1768.0,1743.0,1790.0,1713.5,101417
2018-06-27 00:00:00+00:00,1759.5,1690.0,1773.5,1687.5,234185
2018-06-28 00:00:00+00:00,1690.5,1673.5,1720.5,1672.0,119871
2018-06-29 00:00:00+00:00,1685.5,1727.0,1727.0,1660.5,186346
2018-07-02 00:00:00+00:00,1690.0,1687.0,1700.0,1661.0,101058
2018-07-03 00:00:00+00:00,1688.0,1617.5,1688.0,1617.0,201129
2018-07-04 00:00:00+00:00,1619.5,1645.5,1681.0,1612.5,155889
2018-07-05 00:00:00+00:00,1645.0,1700.0,1700.0,1641.0,171196
2018-07-06 00:00:00+00:00,1699.0,1685.0,1700.0,1658.0,105522
2018-07-09 00:00:00+00:00,1693.0,1751.5,1765.0,1654.0,239847
2018-07-10 00:00:00+00:00,1780.0,1780.0,1780.0,1742.5,118940
2018-07-11 00:00:00+00:00,1769.5,1715.5,1775.5,1710.0,100963
2018-07-12 00:00:00+00:00,1723.0,1721.0,1744.0,1706.5,61260
2018-07-13 00:00:00+00:00,1720.5,1758.0,1758.0,1711.0,71336
2018-07-16 00:00:00+00:00,1758.0,1760.0,1765.0,1712.0,84274
2018-07-17 00:00:00+00:00,1741.0,1767.0,1769.0,1710.0,126505
2018-07-18 00:00:00+00:00,1767.5,1840.0,1884.5,1753.0,398320
2018-07-19 00:00:00+00:00,1840.0,1768.0,1870.0,1735.0,263560
2018-07-20 00:00:00+00:00,1768.0,1691.5,1768.0,1680.0,127808
2018-07-23 00:00:00+00:00,1680.0,1738.0,1738.0,1680.0,75772
2018-07-24 00:00:00+00:00,1725.0,1734.0,1763.5,1712.0,71611
2018-07-25 00:00:00+00:00,1724.5,1720.0,1747.5,1707.0,72257
2018-07-26 00:00:00+00:00,1703.0,1758.5,1761.0,1701.0,106939
2018-07-27 00:00:00+00:00,1748.0,1727.5,1765.0,1706.0,63737
2018-07-30 00:00:00+00:00,1727.0,1728.0,1728.0,1684.0,78163
2018-07-31 00:00:00+00:00,1703.0,1680.0,1706.5,1670.0,113468
2018-08-01 00:00:00+00:00,1682.0,1731.0,1731.0,1680.0,89516
2018-08-02 00:00:00+00:00,1721.0,1700.0,1727.0,1700.0,47920
2018-08-03 00:00:00+00:00,1695.0,1682.5,1710.0,1660.0,116340
2018-08-06 00:00:00+00:00,1683.0,1707.0,1715.5,1666.5,64677
2018-08-07 00:00:00+00:00,1686.5,1710.0,1725.0,1685.0,76686
2018-08-08 00:00:00+00:00,1710.0,1719.0,1719.0,1661.0,116953
2018-08-09 00:00:00+00:00,1714.0,1672.0,1727.0,1645.5,182822
2018-08-10 00:00:00+00:00,1666.0,1617.0,1670.5,1582.0,194138
2018-08-13 00:00:00+00:00,1605.0,1624.0,1624.0,1551.0,345843
2018-08-14 00:00:00+00:00,1623.0,1583.0,1682.5,1578.0,336429
2018-08-15 00:00:00+00:00,1578.5,1577.0,1599.0,1531.0,226628
2018-08-16 00:00:00+00:00,1574.5,1540.5,1583.0,1531.0,166135
2018-08-17 00:00:00+00:00,1541.0,1571.0,1595.0,1537.5,151964
2018-08-20 00:00:00+00:00,1576.0,1590.5,1606.0,1564.0,59048
2018-08-21 00:00:00+00:00,1612.5,1607.0,1612.5,1581.0,95193
2018-08-22 00:00:00+00:00,1609.5,1608.0,1611.5,1579.0,95561
2018-08-23 00:00:00+00:00,1600.0,1556.0,1624.5,1556.0,114330
2018-08-24 00:00:00+00:00,1556.0,1575.0,1584.0,1542.0,95410
2018-08-27 00:00:00+00:00,1568.0,1580.0,1581.0,1550.0,25453
2018-08-28 00:00:00+00:00,1579.5,1532.0,1579.5,1523.5,206341
2018-08-29 00:00:00+00:00,1536.0,1540.5,1554.5,1523.0,107670
2018-08-30 00:00:00+00:00,1550.0,1529.5,1562.0,1520.0,103717
2018-08-31 00:00:00+00:00,1520.5,1590.0,1590.0,1510.5,244976
2018-09-03 00:00:00+00:00,1583.5,1572.0,1588.0,1555.0,54745
2018-09-04 00:00:00+00:00,1572.0,1576.0,1588.0,1567.0,67242
2018-09-05 00:00:00+00:00,1566.0,1545.0,1582.5,1545.0,54034
2018-09-06 00:00:00+00:00,1552.0,1558.5,1558.5,1529.0,54186
2018-09-07 00:00:00+00:00,1541.0,1563.0,1575.0,1541.0,32131
2018-09-10 00:00:00+00:00,1576.5,1569.5,1585.0,1553.5,36194
2018-09-11 00:00:00+00:00,1552.0,1512.0,1557.5,1489.0,168376
2018-09-12 00:00:00+00:00,1515.5,1474.5,1516.0,1446.0,130974
2018-09-13 00:00:00+00:00,1488.5,1540.0,1544.0,1470.5,171278
2018-09-14 00:00:00+00:00,1515.5,1595.0,1595.0,1510.0,155752
2018-09-17 00:00:00+00:00,1595.0,1645.0,1645.0,1595.0,92469
2018-09-18 00:00:00+00:00,1640.0,1638.0,1665.5,1605.5,86014
2018-09-19 00:00:00+00:00,1622.0,1625.0,1659.5,1606.5,86742
2018-09-20 00:00:00+00:00,1638.0,1671.0,1713.0,1634.5,320462
2018-09-21 00:00:00+00:00,1668.0,1685.0,1692.5,1649.5,273134
2018-09-24 00:00:00+00:00,1685.0,1616.5,1701.0,1610.0,66035
2018-09-25 00:00:00+00:00,1616.5,1630.5,1640.0,1615.0,55346
2018-09-26 00:00:00+00:00,1640.0,1573.0,1640.0,1573.0,73454
2018-09-27 00:00:00+00:00,1572.5,1515.5,1581.5,1426.5,338345
2018-09-28 00:00:00+00:00,1500.0,1481.5,1510.0,1475.0,101563
2018-10-01 00:00:00+00:00,1482.0,1437.0,1493.0,1430.5,155266
2018-10-02 00:00:00+00:00,1448.0,1412.0,1459.0,1400.0,112181
2018-10-03 00:00:00+00:00,1407.0,1411.0,1431.0,1399.0,83161
2018-10-04 00:00:00+00:00,1411.5,1424.0,1446.5,1402.5,96333
2018-10-05 00:00:00+00:00,1420.0,1390.0,1429.5,1388.5,92465
2018-10-08 00:00:00+00:00,1403.0,1378.0,1412.0,1377.0,83595
2018-10-09 00:00:00+00:00,1380.0,1353.0,1397.0,1337.5,108726
2018-10-10 00:00:00+00:00,1341.0,1319.0,1373.5,1317.5,130130
2018-10-11 00:00:00+00:00,1300.0,1287.0,1320.0,1277.5,216304
2018-10-12 00:00:00+00:00,1294.0,1382.0,1382.0,1294.0,123170
2018-10-15 00:00:00+00:00,1381.0,1362.0,1397.0,1346.5,115876
2018-10-16 00:00:00+00:00,1363.0,1373.5,1386.5,1352.0,94842
2018-10-17 00:00:00+00:00,1374.0,1442.0,1459.5,1374.0,159804
2018-10-18 00:00:00+00:00,1462.5,1420.5,1462.5,1402.5,132661
2018-10-19 00:00:00+00:00,1421.0,1434.5,1449.0,1399.0,128692
2018-10-22 00:00:00+00:00,1444.5,1442.0,1474.5,1427.0,78425
2018-10-23 00:00:00+00:00,1442.0,1442.5,1458.0,1410.0,76075
2018-10-24 00:00:00+00:00,1442.0,1532.0,1574.0,1442.0,345234
2018-10-25 00:00:00+00:00,1525.5,1555.0,1594.5,1496.0,142131
2018-10-26 00:00:00+00:00,1540.5,1530.0,1540.5,1496.0,84150
2018-10-29 00:00:00+00:00,1540.0,1534.0,1568.0,1473.0,49641
2018-10-30 00:00:00+00:00,1529.5,1562.5,1570.0,1500.0,72032
2018-10-31 00:00:00+00:00,1559.5,1539.0,1597.0,1524.0,115386
2018-11-01 00:00:00+00:00,1539.0,1598.5,1598.5,1513.0,105747
2018-11-02 00:00:00+00:00,1599.0,1614.5,1655.0,1580.5,88263
2018-11-06 00:00:00+00:00,1599.5,1629.5,1642.5,1599.5,49552
2018-11-07 00:00:00+00:00,1605.5,1640.0,1663.5,1605.5,74185
2018-11-08 00:00:00+00:00,1636.0,1610.0,1657.5,1610.0,49827
2018-11-09 00:00:00+00:00,1607.0,1610.5,1629.5,1563.0,101085
2018-11-12 00:00:00+00:00,1620.0,1577.5,1626.0,1560.5,39350
2018-11-13 00:00:00+00:00,1562.0,1554.0,1615.0,1554.0,62202
2018-11-14 00:00:00+00:00,1559.0,1535.5,1595.0,1521.0,75920
2018-11-15 00:00:00+00:00,1549.5,1583.5,1605.0,1532.5,64204
2018-11-16 00:00:00+00:00,1576.0,1565.0,1600.0,1547.5,68248
2018-11-19 00:00:00+00:00,1549.0,1558.5,1599.0,1544.5,51997
2018-11-20 00:00:00+00:00,1567.5,1513.5,1649.5,1495.5,66965
2018-11-21 00:00:00+00:00,1497.5,1558.5,1564.5,1497.5,50970
2018-11-22 00:00:00+00:00,1535.5,1583.0,1586.5,1535.0,41631
2018-11-23 00:00:00+00:00,1565.0,1606.5,1606.5,1551.5,81924
2018-11-26 00:00:00+00:00,1595.0,1597.0,1629.0,1535.0,85403
2018-11-27 00:00:00+00:00,1590.0,1656.0,1656.0,1575.5,60146
2018-11-28 00:00:00+00:00,1657.0,1721.5,1745.0,1655.5,122681
2018-11-29 00:00:00+00:00,1722.0,1710.0,1795.0,1676.5,174556
2018-11-30 00:00:00+00:00,1767.5,1725.0,1773.5,1678.0,264971
2018-12-03 00:00:00+00:00,1730.0,1742.5,1790.0,1717.0,116013
2018-12-04 00:00:00+00:00,1742.5,1667.5,1743.5,1645.0,155737
2018-12-05 00:00:00+00:00,1635.0,1619.0,1660.0,1600.5,238743
2018-12-06 00:00:00+00:00,1618.0,1610.5,1630.0,1585.0,116567
2018-12-07 00:00:00+00:00,1608.5,1635.0,1673.5,1592.0,159645
2018-12-10 00:00:00+00:00,1628.5,1584.0,1654.5,1584.0,72008
2018-12-11 00:00:00+00:00,1597.5,1577.5,1599.5,1557.5,76123
2018-12-12 00:00:00+00:00,1583.5,1576.0,1583.5,1557.0,50999
2018-12-13 00:00:00+00:00,1585.5,1618.5,1633.5,1565.5,85265
2018-12-14 00:00:00+00:00,1600.5,1640.0,1640.0,1593.0,50975
2018-12-17 00:00:00+00:00,1627.5,1656.5,1660.0,1612.0,59989
2018-12-18 00:00:00+00:00,1630.0,1719.5,1721.5,1623.5,179412
2018-12-19 00:00:00+00:00,1705.0,1774.0,1779.0,1696.0,110203
2018-12-20 00:00:00+00:00,1753.0,1800.0,1800.0,1685.0,165759
2018-12-21 00:00:00+00:00,1789.5,1805.0,1805.0,1721.0,149671
2018-12-24 00:00:00+00:00,1805.0,1700.0,1811.0,1700.0,42535
2018-12-25 00:00:00+00:00,1700.0,1646.5,1701.5,1615.0,45906
2018-12-26 00:00:00+00:00,1640.0,1680.0,1685.0,1640.0,50850
2018-12-27 00:00:00+00:00,1694.0,1691.5,1710.0,1661.5,84359
2018-12-28 00:00:00+00:00,1708.0,1746.5,1746.5,1700.0,40967
2018-12-29 00:00:00+00:00,1749.5,1725.0,1750.0,1725.0,6340
2019-01-03 00:00:00+00:00,1749.5,1823.0,1823.0,1672.0,69643
2019-01-04 00:00:00+00:00,1819.5,1868.0,1874.0,1801.5,92029
2019-01-08 00:00:00+00:00,1865.5,1822.0,1865.5,1802.5,127595
2019-01-09 00:00:00+00:00,1822.5,1792.0,1843.5,1777.5,135981
2019-01-10 00:00:00+00:00,1800.0,1759.5,1800.0,1747.0,114576
2019-01-11 00:00:00+00:00,1768.0,1760.0,1780.5,1743.5,140800
2019-01-14 00:00:00+00:00,1760.0,1765.0,1765.0,1727.5,73994
2019-01-15 00:00:00+00:00,1765.0,1772.5,1800.0,1757.5,88708
2019-01-16 00:00:00+00:00,1782.5,1759.0,1790.5,1730.0,69305
2019-01-17 00:00:00+00:00,1759.0,1721.5,1794.0,1690.0,132470
2019-01-18 00:00:00+00:00,1720.5,1783.0,1795.0,1693.0,161482
2019-01-21 00:00:00+00:00,1783.0,1770.0,1814.0,1768.5,79402
2019-01-22 00:00:00+00:00,1769.0,1822.5,1829.5,1747.0,123612
2019-01-23 00:00:00+00:00,1823.0,1811.0,1835.5,1798.0,221714
2019-01-24 00:00:00+00:00,1809.0,1834.0,1861.0,1786.0,169230
2019-01-25 00:00:00+00:00,1842.0,1820.5,1854.0,1789.0,71336
2019-01-28 00:00:00+00:00,1820.0,1785.0,1820.0,1769.0,66202
2019-01-29 00:00:00+00:00,1776.5,1760.0,1787.0,1755.0,65983
2019-01-30 00:00:00+00:00,1758.0,1740.0,1776.0,1730.0,139029
2019-01-31 00:00:00+00:00,1749.0,1715.5,1786.0,1702.0,153016
2019-02-01 00:00:00+00:00,1720.0,1748.5,1752.0,1706.0,81402
2019-02-04 00:00:00+00:00,1755.5,1721.0,1775.0,1721.0,89848
2019-02-05 00:00:00+00:00,1734.0,1760.0,1766.5,1715.0,72767
2019-02-06 00:00:00+00:00,1760.0,1793.0,1805.0,1738.5,110895
2019-02-07 00:00:00+00:00,1790.5,1801.0,1812.0,1780.0,65963
2019-02-08 00:00:00+00:00,1795.0,1821.5,1822.0,1793.5,40685
2019-02-11 00:00:00+00:00,1812.5,1792.0,1825.0,1776.0,50544
2019-02-12 00:00:00+00:00,1785.0,1803.5,1818.0,1775.0,50663
2019-02-13 00:00:00+00:00,1803.5,1759.5,1803.5,1738.5,117817
2019-02-14 00:00:00+00:00,1741.5,1762.5,1775.0,1732.5,86230
2019-02-15 00:00:00+00:00,1762.5,1800.0,1800.0,1756.0,94604
2019-02-18 00:00:00+00:00,1795.0,1796.0,1805.0,1778.0,28638
2019-02-19 00:00:00+00:00,1804.0,1773.0,1804.5,1761.0,54371
2019-02-20 00:00:00+00:00,1785.0,1828.5,1828.5,1783.0,84866
2019-02-21 00:00:00+00:00,1830.0,1817.0,1833.5,1801.0,87513
2019-02-22 00:00:00+00:00,1815.0,1811.5,1815.0,1790.5,45583
2019-02-25 00:00:00+00:00,1802.0,1781.5,1808.5,1772.5,72853
2019-02-26 00:00:00+00:00,1775.5,1755.5,1791.0,1730.0,183209
2019-02-27 00:00:00+00:00,1749.0,1704.5,1749.0,1695.0,112376
2019-02-28 00:00:00+00:00,1704.5,1676.5,1709.0,1660.0,201432
2019-03-01 00:00:00+00:00,1680.0,1663.0,1680.0,1626.0,156551
2019-03-04 00:00:00+00:00,1652.0,1665.0,1679.5,1649.5,64144
2019-03-05 00:00:00+00:00,1657.5,1636.0,1664.5,1627.5,48100
2019-03-06 00:00:00+00:00,1630.0,1674.0,1681.0,1630.0,95267
2019-03-07 00:00:00+00:00,1675.0,1644.0,1688.5,1640.0,48748
2019-03-11 00:00:00+00:00,1644.5,1686.5,1695.5,1644.5,101565
2019-03-12 00:00:00+00:00,1691.0,1698.0,1714.0,1670.5,70806
2019-03-13 00:00:00+00:00,1706.5,1646.5,1713.0,1643.0,113496
2019-03-14 00:00:00+00:00,1650.0,1616.5,1662.0,1609.5,127067
2019-03-15 00:00:00+00:00,1624.0,1592.5,1637.5,1591.5,155570
2019-03-18 00:00:00+00:00,1598.5,1635.0,1645.0,1582.5,156322
2019-03-19 00:00:00+00:00,1639.0,1605.0,1648.0,1605.0,106597
2019-03-20 00:00:00+00:00,1607.0,1607.5,1635.5,1551.5,317583
2019-03-21 00:00:00+00:00,1605.0,1608.0,1625.0,1589.0,233681
2019-03-22 00:00:00+00:00,1607.0,1604.0,1607.0,1576.5,116193
2019-03-25 00:00:00+00:00,1600.0,1617.5,1627.0,1575.0,89645
2019-03-26 00:00:00+00:00,1623.0,1681.0,1686.5,1611.0,144527
2019-03-27 00:00:00+00:00,1688.0,1632.0,1689.5,1632.0,81313
2019-03-28 00:00:00+00:00,1645.0,1637.5,1657.0,1628.0,71065
2019-03-29 00:00:00+00:00,1637.5,1637.0,1663.0,1627.0,127273
2019-04-01 00:00:00+00:00,1645.5,1654.0,1678.5,1625.0,67802
2019-04-02 00:00:00+00:00,1665.0,1654.0,1677.5,1643.0,85084
2019-04-03 00:00:00+00:00,1665.0,1657.5,1689.0,1657.5,78005
2019-04-04 00:00:00+00:00,1669.0,1670.0,1670.0,1639.0,61285
2019-04-05 00:00:00+00:00,1670.0,1659.0,1670.0,1640.5,43659
2019-04-08 00:00:00+00:00,1645.0,1655.5,1660.0,1629.5,72770
2019-04-09 00:00:00+00:00,1655.0,1664.5,1664.5,1632.0,94640
2019-04-10 00:00:00+00:00,1669.0,1650.0,1670.0,1636.0,77071
2019-04-11 00:00:00+00:00,1655.0,1633.0,1655.0,1633.0,53466
2019-04-12 00:00:00+00:00,1642.0,1640.5,1655.0,1625.5,76410
2019-04-15 00:00:00+00:00,1635.5,1633.5,1644.0,1630.0,36652
2019-04-16 00:00:00+00:00,1634.0,1633.0,1650.0,1626.0,64529
2019-04-17 00:00:00+00:00,1642.0,1728.0,1728.0,1636.0,152070
2019-04-18 00:00:00+00:00,1730.0,1768.0,1768.0,1694.5,118868
2019-04-19 00:00:00+00:00,1762.0,1762.5,1780.0,1743.5,27957
2019-04-22 00:00:00+00:00,1763.0,1758.5,1790.0,1755.5,21516
2019-04-23 00:00:00+00:00,1762.5,1804.0,1835.0,1762.0,112127
2019-04-24 00:00:00+00:00,1806.0,1810.0,1810.0,1777.5,85680
2019-04-25 00:00:00+00:00,1791.5,1910.0,1922.5,1791.5,249695
2019-04-26 00:00:00+00:00,1910.0,1912.0,1912.0,1866.5,75890
2019-04-29 00:00:00+00:00,1900.0,1894.5,1945.0,1868.0,41105
2019-04-30 00:00:00+00:00,1907.0,1963.0,1963.0,1875.0,117145
2019-05-02 00:00:00+00:00,1974.0,1967.0,1974.5,1924.0,47300
2019-05-03 00:00:00+00:00,1970.0,1999.5,2018.5,1957.0,82023
2019-05-06 00:00:00+00:00,2000.0,1970.0,2000.0,1931.5,49331
2019-05-07 00:00:00+00:00,1966.0,1983.0,1998.0,1965.0,58338
2019-05-08 00:00:00+00:00,1969.5,1927.0,1993.5,1927.0,103615
2019-05-10 00:00:00+00:00,1903.5,1896.0,1950.0,1892.5,99399
2019-05-13 00:00:00+00:00,1914.5,1904.0,1948.0,1891.5,110590
2019-05-14 00:00:00+00:00,1922.0,1908.5,1941.0,1886.5,130361
2019-05-15 00:00:00+00:00,1918.5,1897.0,1921.5,1893.5,102710
2019-05-16 00:00:00+00:00,1890.0,1943.0,1969.5,1887.0,153333
2019-05-17 00:00:00+00:00,1930.0,2000.0,2020.0,1924.5,155205
2019-05-20 00:00:00+00:00,2017.5,1995.0,2019.5,1957.5,98375
2019-05-21 00:00:00+00:00,2003.5,1952.0,2011.0,1934.5,78046
2019-05-22 00:00:00+00:00,1951.5,1933.5,1955.0,1914.0,88277
2019-05-23 00:00:00+00:00,1874.0,1857.5,1889.5,1845.5,131674
2019-05-24 00:00:00+00:00,1857.5,1828.0,1873.5,1817.0,72937
2019-05-27 00:00:00+00:00,1828.0,1857.5,1864.0,1827.5,23819
2019-05-28 00:00:00+00:00,1867.0,1847.0,1875.5,1802.5,297151
2019-05-29 00:00:00+00:00,1839.0,1901.0,1908.0,1834.5,113987
2019-05-30 00:00:00+00:00,1890.0,1924.0,1924.5,1890.0,99343
2019-05-31 00:00:00+00:00,1923.0,1922.5,1940.5,1890.5,77091
2019-06-03 00:00:00+00:00,1899.5,2010.0,2019.0,1898.0,101314
2019-06-04 00:00:00+00:00,1998.0,2005.0,2030.0,1982.5,85727
2019-06-05 00:00:00+00:00,1993.0,2033.0,2044.0,1977.0,84438
2019-06-06 00:00:00+00:00,2033.5,2045.0,2049.5,2019.5,65346
2019-06-07 00:00:00+00:00,2045.0,2040.5,2073.0,2010.5,72505
2019-06-10 00:00:00+00:00,2045.0,2049.0,2053.5,2027.0,43030
2019-06-11 00:00:00+00:00,2048.5,2093.0,2107.0,2032.0,206683
2019-06-13 00:00:00+00:00,2099.0,2098.0,2099.5,2056.0,103624
2019-06-14 00:00:00+00:00,2098.0,2066.0,2130.5,2065.0,89005
2019-06-17 00:00:00+00:00,2072.0,2052.5,2097.0,2045.5,98755
2019-06-18 00:00:00+00:00,2066.5,2071.5,2084.0,2045.0,105267
2019-06-19 00:00:00+00:00,2072.0,2074.0,2247.5,2040.0,59290
2019-06-20 00:00:00+00:00,2056.0,2090.5,2122.0,2056.0,277012
2019-06-21 00:00:00+00:00,2085.0,2130.0,2148.0,2070.0,153033
2019-06-24 00:00:00+00:00,2132.0,2159.0,2159.0,2110.5,69091
2019-06-25 00:00:00+00:00,2143.5,2154.0,2160.0,2121.5,73854
2019-06-26 00:00:00+00:00,2152.0,2221.5,2232.0,2146.0,128731
2019-06-27 00:00:00+00:00,2230.0,2235.0,2252.5,2205.5,84276
2019-06-28 00:00:00+00:00,2225.5,2177.5,2243.5,2154.5,67978
2019-07-01 00:00:00+00:00,2180.0,2136.5,2198.5,2131.5,53444
2019-07-02 00:00:00+00:00,2130.0,2240.0,2249.0,2125.5,136631
2019-07-03 00:00:00+00:00,2242.0,2258.0,2277.0,2188.0,93963
2019-07-04 00:00:00+00:00,2248.5,2230.5,2257.5,2216.5,73322
2019-07-05 00:00:00+00:00,2225.5,2254.0,2254.0,2211.5,52147
2019-07-08 00:00:00+00:00,2245.0,2220.0,2246.5,2192.0,92761
2019-07-09 00:00:00+00:00,2210.0,2179.5,2218.5,2160.0,59724
2019-07-10 00:00:00+00:00,2187.5,2215.5,2215.5,2153.5,76028
2019-07-11 00:00:00+00:00,2217.5,2171.0,2217.5,2143.5,69665
2019-07-12 00:00:00+00:00,2173.5,2197.0,2210.0,2169.0,59297
2019-07-15 00:00:00+00:00,2210.0,2210.0,2234.5,2185.0,55046
2019-07-16 00:00:00+00:00,2209.0,2249.0,2252.0,2202.0,101737
2019-07-17 00:00:00+00:00,2239.0,2192.0,2249.5,2184.5,78823
2019-07-18 00:00:00+00:00,2193.0,2188.0,2227.5,2185.5,79911
2019-07-19 00:00:00+00:00,2207.5,2180.0,2223.0,2180.0,67948
2019-07-22 00:00:00+00:00,2187.0,2101.0,2197.0,2101.0,82773
2019-07-23 00:00:00+00:00,2118.0,2136.5,2152.0,2102.0,57422
2019-07-24 00:00:00+00:00,2148.5,2129.5,2149.5,2116.5,47971
2019-07-25 00:00:00+00:00,2129.5,2140.0,2162.0,2112.5,77766
2019-07-26 00:00:00+00:00,2144.0,2118.5,2150.0,2101.0,101720
2019-07-29 00:00:00+00:00,2134.0,2101.5,2148.5,2101.0,75042
2019-07-30 00:00:00+00:00,2119.5,2110.5,2121.5,2074.5,45696
2019-07-31 00:00:00+00:00,2091.0,2100.5,2127.5,2072.0,111721
2019-08-01 00:00:00+00:00,2109.5,2165.5,2174.5,2100.0,92340
2019-08-02 00:00:00+00:00,2130.0,2136.0,2177.0,2106.0,127071
2019-08-05 00:00:00+00:00,2148.0,2058.0,2148.5,2056.0,145765
2019-08-06 00:00:00+00:00,2078.5,2072.0,2091.5,2064.5,99827
2019-08-07 00:00:00+00:00,2088.0,2042.0,2100.0,2036.0,86650
2019-08-08 00:00:00+00:00,2050.0,2044.0,2097.5,2044.0,112741
2019-08-09 00:00:00+00:00,2045.0,2056.5,2077.0,2045.0,55501
2019-08-12 00:00:00+00:00,2064.0,2090.0,2100.0,2061.0,59713
2019-08-13 00:00:00+00:00,2096.5,2095.5,2124.0,2081.5,89180
2019-08-14 00:00:00+00:00,2109.0,2073.0,2125.0,2073.0,115428
2019-08-15 00:00:00+00:00,2092.5,2126.0,2172.5,2091.0,163272
2019-08-16 00:00:00+00:00,2148.0,2118.5,2174.0,2118.5,123079
2019-08-19 00:00:00+00:00,2139.5,2125.0,2180.0,2124.0,242943
2019-08-20 00:00:00+00:00,2125.0,2146.5,2193.5,2000.0,301696
2019-08-21 00:00:00+00:00,2146.5,2218.0,2219.0,2121.5,209046
2019-08-22 00:00:00+00:00,2204.5,2194.5,2222.5,2192.5,91342
2019-08-23 00:00:00+00:00,2216.5,2153.0,2216.5,2153.0,80406
2019-08-26 00:00:00+00:00,2149.5,2160.0,2200.5,2125.5,46214
2019-08-27 00:00:00+00:00,2160.0,2148.5,2203.5,2107.0,254639
2019-08-28 00:00:00+00:00,2136.0,2158.0,2168.0,2127.0,73061
2019-08-29 00:00:00+00:00,2158.0,2232.0,2232.0,2146.0,106623
2019-08-30 00:00:00+00:00,2225.5,2298.5,2304.0,2205.0,178094
2019-09-02 00:00:00+00:00,2282.5,2302.5,2322.0,2260.5,105719
2019-09-03 00:00:00+00:00,2276.0,2267.0,2312.0,2231.5,121792
2019-09-04 00:00:00+00:00,2265.5,2242.0,2300.0,2242.0,97387
2019-09-05 00:00:00+00:00,2242.5,2300.0,2300.0,2242.5,105419
2019-09-06 00:00:00+00:00,2301.0,2287.0,2304.0,2260.0,76185
2019-09-09 00:00:00+00:00,2287.0,2304.0,2304.0,2266.5,40147
2019-09-10 00:00:00+00:00,2284.0,2319.5,2319.5,2284.0,80899
2019-09-11 00:00:00+00:00,2312.0,2390.0,2390.0,2312.0,137106
2019-09-12 00:00:00+00:00,2366.0,2369.0,2369.0,2366.0,105384
2019-09-13 00:00:00+00:00,2358.0,2340.0,2358.0,2340.0,80627
2019-09-16 00:00:00+00:00,2331.5,2334.5,2334.5,2331.5,102798
2019-09-17 00:00:00+00:00,2312.0,2308.0,2337.0,2296.5,109785
2019-09-18 00:00:00+00:00,2311.5,2275.0,2315.5,2230.5,209292
2019-09-19 00:00:00+00:00,2275.0,2262.0,2275.5,2245.0,143246
2019-09-20 00:00:00+00:00,2262.0,2218.0,2267.0,2200.0,255692
2019-09-23 00:00:00+00:00,2218.0,2200.5,2221.0,2190.5,73880
2019-09-24 00:00:00+00:00,2216.5,2220.5,2269.0,2197.5,153025
2019-09-25 00:00:00+00:00,2207.5,2206.0,2242.5,2187.5,131449
2019-09-26 00:00:00+00:00,2224.0,2263.5,2283.5,2200.5,150513
2019-09-27 00:00:00+00:00,2267.0,2226.5,2287.0,2226.5,77652
2019-09-30 00:00:00+00:00,2235.0,2279.0,2282.0,2223.5,86113
2019-10-01 00:00:00+00:00,2279.0,2318.0,2320.5,2275.0,93388
2019-10-02 00:00:00+00:00,2306.5,2261.5,2315.5,2232.5,80589
2019-10-03 00:00:00+00:00,2262.0,2155.0,2275.5,2145.5,148194
2019-10-04 00:00:00+00:00,2169.0,2158.0,2212.0,2137.0,139365
2019-10-07 00:00:00+00:00,2158.0,2092.0,2158.0,2077.0,119589
2019-10-08 00:00:00+00:00,2097.5,2106.5,2113.0,2072.0,66336
2019-10-09 00:00:00+00:00,2104.0,2095.0,2104.0,2080.5,88362
2019-10-10 00:00:00+00:00,2099.5,2068.0,2099.5,2068.0,86193
2019-10-11 00:00:00+00:00,2082.5,2007.0,2082.5,1992.5,160814
2019-10-14 00:00:00+00:00,2016.0,1999.0,2018.5,1982.0,103047
2019-10-15 00:00:00+00:00,1991.5,2040.0,2041.5,1980.0,103657
2019-10-16 00:00:00+00:00,2039.5,2040.0,2047.0,2022.5,84510
2019-10-17 00:00:00+00:00,2049.5,2020.0,2083.5,2012.0,187507
2019-10-18 00:00:00+00:00,2024.0,2044.5,2050.0,2011.0,114341
2019-10-21 00:00:00+00:00,2036.5,1963.0,2048.5,1941.5,301997
2019-10-22 00:00:00+00:00,1970.0,2044.5,2055.0,1917.5,601969
2019-10-23 00:00:00+00:00,2053.5,2003.0,2132.0,1974.0,323695
2019-10-24 00:00:00+00:00,2003.0,2030.0,2037.0,1981.0,200154
2019-10-25 00:00:00+00:00,2038.0,1991.0,2081.5,1961.0,186590
2019-10-28 00:00:00+00:00,1989.0,2069.0,2070.0,1979.5,227539
2019-10-29 00:00:00+00:00,2070.0,2080.0,2089.0,2037.5,154513
2019-10-30 00:00:00+00:00,2078.5,2124.0,2124.0,2050.0,204821
2019-10-31 00:00:00+00:00,2120.0,2147.0,2147.0,2102.0,118238
2019-11-01 00:00:00+00:00,2142.5,2168.0,2197.0,2131.0,235353
2019-11-05 00:00:00+00:00,2194.0,2230.0,2250.0,2194.0,176128
2019-11-06 00:00:00+00:00,2230.5,2269.0,2269.0,2205.0,167612
2019-11-07 00:00:00+00:00,2246.5,2265.0,2270.0,2245.0,144210
2019-11-08 00:00:00+00:00,2262.5,2230.0,2265.0,2203.0,109134
2019-11-11 00:00:00+00:00,2228.0,2205.5,2243.0,2182.0,98862
2019-11-12 00:00:00+00:00,2202.0,2221.0,2241.5,2185.0,89447
2019-11-13 00:00:00+00:00,2212.5,2224.0,2247.5,2171.5,110737
2019-11-14 00:00:00+00:00,2224.5,2194.5,2230.0,2155.0,192585
2019-11-15 00:00:00+00:00,2184.0,2157.5,2210.0,2154.5,72281
2019-11-18 00:00:00+00:00,2161.5,2170.5,2185.5,2138.0,86784
2019-11-19 00:00:00+00:00,2162.0,2171.0,2209.0,2156.5,102060
2019-11-20 00:00:00+00:00,2166.5,2150.5,2173.5,2140.5,73781
2019-11-21 00:00:00+00:00,2146.0,2119.5,2146.0,2085.0,132958
2019-11-22 00:00:00+00:00,2123.5,2149.0,2155.5,2103.0,111296
2019-11-25 00:00:00+00:00,2150.0,2160.0,2172.0,2133.5,93903
2019-11-26 00:00:00+00:00,2173.0,2124.5,2173.0,2120.0,300551
2019-11-27 00:00:00+00:00,2134.0,2142.5,2150.0,2111.5,112758
2019-11-28 00:00:00+00:00,2143.0,2115.0,2143.5,2105.0,56485
2019-11-29 00:00:00+00:00,2117.5,2144.0,2145.5,2098.0,85087
2019-12-02 00:00:00+00:00,2144.0,2087.5,2159.5,2085.0,110034
2019-12-03 00:00:00+00:00,2097.0,2056.0,2097.0,2040.5,111026
2019-12-04 00:00:00+00:00,2043.5,2061.0,2074.5,2037.0,84459
2019-12-05 00:00:00+00:00,2061.0,2055.0,2071.5,2037.5,74711
2019-12-06 00:00:00+00:00,2046.0,2090.0,2090.0,2046.0,76076
2019-12-09 00:00:00+00:00,2090.0,2117.5,2122.0,2070.0,91107
2019-12-10 00:00:00+00:00,2118.5,2132.5,2134.0,2090.0,122908
2019-12-11 00:00:00+00:00,2132.0,2181.0,2199.0,2119.5,143359
2019-12-12 00:00:00+00:00,2181.0,2232.5,2242.0,2181.0,207548
2019-12-13 00:00:00+00:00,2242.0,2237.5,2248.5,2215.5,119281
2019-12-16 00:00:00+00:00,2237.5,2154.0,2238.0,2154.0,235826
2019-12-17 00:00:00+00:00,2159.0,2147.0,2208.5,2140.0,195720
2019-12-18 00:00:00+00:00,2142.0,2165.0,2175.5,2130.0,107913
2019-12-19 00:00:00+00:00,2155.0,2110.0,2170.0,2095.0,253223
2019-12-20 00:00:00+00:00,2117.0,2082.0,2117.0,2055.5,159185
2019-12-23 00:00:00+00:00,2086.0,2111.0,2113.0,2085.0,92869
2019-12-24 00:00:00+00:00,2110.0,2118.5,2120.0,2103.0,57307
2019-12-25 00:00:00+00:00,2118.0,2105.5,2126.5,2082.0,64117
2019-12-26 00:00:00+00:00,2105.5,2094.5,2109.0,2091.5,69747
2019-12-27 00:00:00+00:00,2100.0,2131.0,2137.5,2094.5,113394
2019-12-30 00:00:00+00:00,2130.0,2134.5,2134.5,2106.5,120760
2020-01-03 00:00:00+00:00,2135.5,2130.5,2139.5,2100.0,122058
2020-01-06 00:00:00+00:00,2130.0,2119.0,2130.0,2069.0,140720
2020-01-08 00:00:00+00:00,2105.5,2109.0,2110.5,2089.0,100484
2020-01-09 00:00:00+00:00,2099.5,2152.0,2152.0,2092.0,171730
2020-01-10 00:00:00+00:00,2152.0,2202.0,2205.0,2115.0,242715
2020-01-13 00:00:00+00:00,2197.0,2209.5,2209.5,2161.5,87859
2020-01-14 00:00:00+00:00,2209.5,2150.5,2224.5,2150.0,219745
2020-01-15 00:00:00+00:00,2150.5,2095.0,2163.5,2087.5,334146
2020-01-16 00:00:00+00:00,2105.0,2100.5,2114.0,2090.0,203146
2020-01-17 00:00:00+00:00,2105.0,2110.0,2113.0,2085.0,204788
2020-01-20 00:00:00+00:00,2110.0,2089.5,2124.5,2081.0,379114
2020-01-21 00:00:00+00:00,2089.5,2098.0,2102.5,2061.0,285265
2020-01-22 00:00:00+00:00,2110.0,2150.5,2153.0,2098.5,540487
2020-01-23 00:00:00+00:00,2149.0,2167.0,2168.0,2100.0,258406
2020-01-24 00:00:00+00:00,2167.0,2192.5,2192.5,2137.0,253323
2020-01-27 00:00:00+00:00,2170.0,2228.0,2236.5,2140.0,330561
2020-01-28 00:00:00+00:00,2230.0,2205.0,2241.5,2191.0,242887
2020-01-29 00:00:00+00:00,2215.0,2264.5,2273.0,2170.0,218983
2020-01-30 00:00:00+00:00,2260.0,2354.5,2356.0,2230.5,272883
2020-01-31 00:00:00+00:00,2354.5,2335.0,2377.0,2330.5,185722
2020-02-03 00:00:00+00:00,2330.5,2339.5,2375.5,2315.5,294637
2020-02-04 00:00:00+00:00,2350.0,2323.5,2364.5,2312.0,281211
2020-02-05 00:00:00+00:00,2323.5,2283.5,2324.0,2267.0,329673
2020-02-06 00:00:00+00:00,2270.0,2269.5,2308.0,2251.0,194052
2020-02-07 00:00:00+00:00,2274.5,2236.0,2284.0,2218.5,108655
2020-02-10 00:00:00+00:00,2238.5,2175.0,2247.5,2175.0,119252
2020-02-11 00:00:00+00:00,2188.0,2166.5,2258.5,2144.0,257728
2020-02-12 00:00:00+00:00,2176.0,2187.0,2195.0,2128.0,280198
2020-02-13 00:00:00+00:00,2185.5,2177.0,2198.0,2155.5,165975
2020-02-14 00:00:00+00:00,2177.5,2152.0,2187.5,2143.5,198791
2020-02-17 00:00:00+00:00,2150.0,2164.0,2174.0,2135.0,114601
2020-02-18 00:00:00+00:00,2164.0,2172.5,2186.5,2150.5,159250
2020-02-19 00:00:00+00:00,2172.5,2256.5,2256.5,2166.5,134739
2020-02-20 00:00:00+00:00,2251.0,2241.5,2269.5,2222.0,140692
2020-02-21 00:00:00+00:00,2232.0,2252.0,2281.5,2223.0,93813
2020-02-25 00:00:00+00:00,2223.0,2156.0,2264.5,2156.0,203732
2020-02-26 00:00:00+00:00,2151.5,2168.5,2225.0,2110.0,324646
2020-02-27 00:00:00+00:00,2165.0,2102.5,2180.0,2081.0,248181
2020-02-28 00:00:00+00:00,2070.0,2070.5,2139.5,1893.0,622734
2020-03-02 00:00:00+00:00,2111.5,2061.0,2166.0,2023.0,657900
2020-03-03 00:00:00+00:00,2077.0,2088.0,2139.0,2045.5,223562
2020-03-04 00:00:00+00:00,2074.5,2093.0,2116.0,2032.0,225320
2020-03-05 00:00:00+00:00,2108.5,2119.0,2124.5,2073.0,201018
2020-03-06 00:00:00+00:00,2112.5,2000.0,2112.5,1998.0,296255
2020-03-10 00:00:00+00:00,1900.0,1835.0,1954.0,1810.5,831830
2020-03-11 00:00:00+00:00,1874.0,1862.5,1908.0,1824.0,305405
2020-03-12 00:00:00+00:00,1820.0,1643.0,1851.0,1632.5,387187
2020-03-13 00:00:00+00:00,1639.5,1760.5,1836.5,1609.5,426547
2020-03-16 00:00:00+00:00,1740.0,1761.5,1868.0,1707.0,300642
2020-03-17 00:00:00+00:00,1797.5,1647.0,1833.5,1634.5,423338
2020-03-18 00:00:00+00:00,1680.0,1702.0,1824.0,1670.5,650065
2020-03-19 00:00:00+00:00,1702.0,1737.5,1818.5,1695.0,733783
2020-03-20 00:00:00+00:00,1775.0,1951.5,2045.5,1775.0,740517
2020-03-23 00:00:00+00:00,1991.5,2065.5,2120.0,1851.0,558546
2020-03-24 00:00:00+00:00,2098.0,2084.0,2258.0,2075.0,709760
2020-03-25 00:00:00+00:00,2087.0,1974.0,2150.0,1897.5,652768
2020-03-26 00:00:00+00:00,1989.5,2006.5,2035.0,1904.0,379731
2020-03-27 00:00:00+00:00,2021.0,1978.0,2021.0,1930.0,245930
2020-03-30 00:00:00+00:00,1980.0,2020.0,2047.5,1960.0,288590
2020-03-31 00:00:00+00:00,2020.5,2091.5,2135.0,2020.5,421391
2020-04-01 00:00:00+00:00,2080.0,2135.0,2157.5,2036.5,329028
2020-04-02 00:00:00+00:00,2140.0,2182.5,2500.0,2080.5,319769
2020-04-03 00:00:00+00:00,2183.0,2230.0,2249.5,2120.0,315018
2020-04-06 00:00:00+00:00,2249.0,2346.0,2346.0,2247.0,296151
2020-04-07 00:00:00+00:00,2362.0,2255.5,2432.0,2220.0,512986
2020-04-08 00:00:00+00:00,2259.0,2290.0,2290.0,2183.0,407923
2020-04-09 00:00:00+00:00,2302.5,2275.0,2305.5,2234.0,248100
2020-04-10 00:00:00+00:00,2253.0,2224.0,2257.5,2215.0,81820
2020-04-13 00:00:00+00:00,2200.0,2170.0,2239.0,2152.0,172832
2020-04-14 00:00:00+00:00,2187.0,2169.5,2227.0,2126.0,405791
2020-04-15 00:00:00+00:00,2168.0,2106.5,2180.5,2082.5,180233
2020-04-16 00:00:00+00:00,2120.0,2154.5,2171.0,2080.0,328618
2020-04-17 00:00:00+00:00,2176.0,2113.0,2210.0,2105.0,230726
2020-04-20 00:00:00+00:00,2119.5,2081.0,2151.0,2070.5,173096
2020-04-21 00:00:00+00:00,2073.5,2130.5,2144.5,2028.5,442464
2020-04-22 00:00:00+00:00,2131.0,2218.0,2232.0,2130.5,422946
2020-04-23 00:00:00+00:00,2225.0,2205.0,2237.0,2175.0,220506
2020-04-24 00:00:00+00:00,2209.5,2147.0,2212.5,2132.0,294198
2020-04-27 00:00:00+00:00,2160.0,2184.0,2201.0,2151.5,118454
2020-04-28 00:00:00+00:00,2180.0,2195.0,2240.0,2171.5,381006
2020-04-29 00:00:00+00:00,2200.0,2198.0,2210.0,2175.0,209825
2020-04-30 00:00:00+00:00,2202.5,2200.5,2222.0,2173.0,197416
2020-05-04 00:00:00+00:00,2178.0,2207.0,2225.0,2159.5,250900
2020-05-05 00:00:00+00:00,2222.0,2184.5,2237.0,2182.0,125198
2020-05-06 00:00:00+00:00,2192.5,2163.5,2192.5,2138.0,212349
2020-05-07 00:00:00+00:00,2164.0,2238.0,2240.0,2146.0,311427
2020-05-08 00:00:00+00:00,2260.0,2227.0,2270.0,2218.5,146573
2020-05-12 00:00:00+00:00,2225.5,2215.0,2258.5,2206.0,152660
2020-05-13 00:00:00+00:00,2215.5,2217.0,2235.0,2175.5,156836
2020-05-14 00:00:00+00:00,2215.0,2216.0,2227.5,2176.5,252422
2020-05-15 00:00:00+00:00,2222.0,2151.0,2245.5,2151.0,245965
2020-05-18 00:00:00+00:00,2161.5,2212.0,2212.0,2161.5,185843
2020-05-19 00:00:00+00:00,2220.5,2186.5,2225.5,2167.5,220562
2020-05-20 00:00:00+00:00,2187.0,2181.5,2206.0,2170.5,325836
2020-05-21 00:00:00+00:00,2188.5,2207.0,2207.0,2171.5,250403
2020-05-22 00:00:00+00:00,2186.0,2192.5,2209.0,2182.0,226216
2020-05-25 00:00:00+00:00,2204.0,2237.0,2248.0,2200.0,149961
2020-05-26 00:00:00+00:00,2250.0,2224.0,2254.0,2207.0,409135
2020-05-27 00:00:00+00:00,2236.0,2239.0,2239.0,2193.0,428537
2020-05-28 00:00:00+00:00,2149.0,2189.5,2195.0,2135.0,352135
2020-05-29 00:00:00+00:00,2190.0,2089.0,2190.0,2080.0,936925
2020-06-01 00:00:00+00:00,2037.0,2103.5,2128.0,2037.0,313647
2020-06-02 00:00:00+00:00,2119.0,2180.0,2180.0,2106.5,297034
2020-06-03 00:00:00+00:00,2180.5,2163.0,2185.0,2131.5,297989
2020-06-04 00:00:00+00:00,2162.5,2125.0,2162.5,2100.0,270781
2020-06-05 00:00:00+00:00,2137.0,2126.0,2154.0,2093.5,290137
2020-06-08 00:00:00+00:00,2130.0,2120.0,2140.0,2105.5,268793
2020-06-09 00:00:00+00:00,2123.0,2070.5,2130.5,2052.0,377209
2020-06-10 00:00:00+00:00,2075.0,2188.5,2204.5,2070.5,999620
2020-06-11 00:00:00+00:00,2175.0,2345.0,2421.0,2166.0,1230716
2020-06-15 00:00:00+00:00,2352.0,2329.5,2398.0,2280.0,473644
2020-06-16 00:00:00+00:00,2350.0,2320.5,2369.5,2305.0,265086
2020-06-17 00:00:00+00:00,2300.5,2260.0,2337.0,2260.0,183621
2020-06-18 00:00:00+00:00,2250.5,2267.0,2289.0,2232.0,391759
2020-06-19 00:00:00+00:00,2270.5,2282.5,2289.5,2235.5,252948
2020-06-22 00:00:00+00:00,2276.5,2351.0,2362.5,2222.0,335494
2020-06-23 00:00:00+00:00,2341.5,2369.0,2375.0,2325.0,189628
2020-06-25 00:00:00+00:00,2343.0,2419.0,2429.0,2343.0,345110
2020-06-26 00:00:00+00:00,2420.0,2482.0,2492.0,2420.0,306022
2020-06-29 00:00:00+00:00,2486.0,2518.0,2540.0,2460.5,220670
2020-06-30 00:00:00+00:00,2494.0,2502.0,2564.0,2490.0,236283
2020-07-02 00:00:00+00:00,2502.5,2512.5,2535.0,2502.5,156587
2020-07-03 00:00:00+00:00,2515.0,2566.0,2576.5,2500.0,86700
2020-07-06 00:00:00+00:00,2571.0,2606.5,2660.0,2545.0,219488
2020-07-07 00:00:00+00:00,2601.5,2608.5,2679.0,2587.5,263486
2020-07-08 00:00:00+00:00,2615.0,2537.5,2615.0,2523.0,182069
2020-07-09 00:00:00+00:00,2558.5,2509.0,2558.5,2461.5,347297
2020-07-10 00:00:00+00:00,2508.5,2549.5,2549.5,2460.0,154920
2020-07-13 00:00:00+00:00,2536.5,2509.5,2578.0,2474.0,119698
2020-07-14 00:00:00+00:00,2497.5,2475.0,2507.0,2430.5,196734
2020-07-15 00:00:00+00:00,2491.0,2493.0,2505.5,2455.5,180077
2020-07-16 00:00:00+00:00,2502.5,2541.0,2541.0,2444.0,177845
2020-07-17 00:00:00+00:00,2544.5,2521.5,2564.0,2504.5,192041
2020-07-20 00:00:00+00:00,2521.0,2518.0,2521.0,2475.0,215431
2020-07-21 00:00:00+00:00,2520.0,2654.5,2665.0,2520.0,342767
2020-07-22 00:00:00+00:00,2661.0,2709.0,2739.5,2640.5,257000
2020-07-23 00:00:00+00:00,2727.5,2780.0,2785.0,2713.5,138167
2020-07-24 00:00:00+00:00,2777.5,2790.0,2796.5,2720.5,168910
2020-07-27 00:00:00+00:00,2790.0,2780.0,2798.0,2760.0,144775
2020-07-28 00:00:00+00:00,2760.5,2869.0,2869.0,2760.5,201653
2020-07-29 00:00:00+00:00,2870.0,2839.5,2870.0,2794.5,175357
2020-07-30 00:00:00+00:00,2850.0,2790.0,2875.0,2770.0,147700
2020-07-31 00:00:00+00:00,2795.5,2780.0,2824.5,2772.5,88167
2020-08-03 00:00:00+00:00,2780.0,2781.0,2829.5,2601.0,92578
2020-08-04 00:00:00+00:00,2805.0,2822.0,2822.5,2770.0,106676
2020-08-05 00:00:00+00:00,2827.0,2836.0,2838.5,2797.0,177709
2020-08-06 00:00:00+00:00,2839.5,2840.0,2850.0,2812.0,99070
2020-08-07 00:00:00+00:00,2845.5,2840.0,2859.0,2820.0,111949
2020-08-10 00:00:00+00:00,2840.5,2804.0,2877.5,2804.0,95026
2020-08-11 00:00:00+00:00,2827.0,2816.5,2860.0,2802.0,139353
2020-08-12 00:00:00+00:00,2818.5,2800.0,2840.0,2751.0,221021
2020-08-13 00:00:00+00:00,2804.5,2875.0,2889.0,2804.5,363871
2020-08-14 00:00:00+00:00,2875.0,2821.0,2887.0,2806.0,193531
2020-08-17 00:00:00+00:00,2838.0,2817.5,2838.0,2785.5,129272
2020-08-18 00:00:00+00:00,2810.5,2838.0,2838.0,2775.0,167640
2020-08-19 00:00:00+00:00,2829.0,2807.0,2882.0,2795.0,205924
2020-08-20 00:00:00+00:00,2807.0,2810.0,2830.0,2788.0,68433
2020-08-21 00:00:00+00:00,2829.5,2788.0,2834.0,2772.5,128663
2020-08-24 00:00:00+00:00,2790.5,2860.0,2875.0,2790.5,143600
2020-08-25 00:00:00+00:00,2868.5,2840.0,2884.5,2821.0,69237
2020-08-26 00:00:00+00:00,2839.0,2824.0,2853.0,2820.0,80063
2020-08-27 00:00:00+00:00,2840.0,2768.0,2840.0,2766.0,167808
2020-08-28 00:00:00+00:00,2796.0,2719.5,2796.0,2690.0,145901
2020-08-31 00:00:00+00:00,2724.5,2666.5,2750.0,2663.0,369247
2020-09-01 00:00:00+00:00,2706.0,2601.5,2706.0,2577.0,276689
2020-09-02 00:00:00+00:00,2604.0,2682.0,2704.5,2591.5,213588
2020-09-03 00:00:00+00:00,2684.5,2672.5,2684.5,2626.5,146983
2020-09-04 00:00:00+00:00,2663.5,2655.0,2694.0,2623.0,110152
2020-09-07 00:00:00+00:00,2679.0,2630.0,2679.0,2622.0,116295
2020-09-08 00:00:00+00:00,2639.5,2681.5,2709.5,2627.0,257531
2020-09-09 00:00:00+00:00,2675.0,2586.5,2700.0,2585.0,173171
2020-09-10 00:00:00+00:00,2591.0,2611.5,2620.5,2585.0,109949
2020-09-11 00:00:00+00:00,2617.5,2587.0,2619.5,2561.5,184637
2020-09-14 00:00:00+00:00,2613.5,2630.0,2648.5,2593.5,138960
2020-09-15 00:00:00+00:00,2637.0,2686.0,2700.0,2608.0,253925
2020-09-16 00:00:00+00:00,2699.5,2685.0,2727.0,2643.0,222125
2020-09-17 00:00:00+00:00,2662.0,2817.0,2826.0,2662.0,505699
2020-09-18 00:00:00+00:00,2810.0,2845.5,2861.0,2786.0,303264
2020-09-21 00:00:00+00:00,2828.0,2847.5,2850.0,2806.0,253875
2020-09-22 00:00:00+00:00,2824.0,2884.5,2960.0,2824.0,235832
2020-09-23 00:00:00+00:00,2901.0,2980.0,3050.0,2870.0,379355
2020-09-24 00:00:00+00:00,2979.0,2984.5,3031.0,2947.0,304521
2020-09-25 00:00:00+00:00,2990.5,2960.0,3009.5,2928.0,230544
2020-09-28 00:00:00+00:00,2982.5,2941.0,3015.0,2921.0,159013
2020-09-29 00:00:00+00:00,2950.0,2914.5,2960.0,2895.0,151293
2020-09-30 00:00:00+00:00,2928.5,2887.5,2947.0,2870.5,129657
2020-10-01 00:00:00+00:00,2887.5,2848.5,2902.5,2806.0,168089
2020-10-02 00:00:00+00:00,2844.0,2866.0,2897.5,2832.0,101960
2020-10-05 00:00:00+00:00,2890.0,2929.0,2938.5,2850.5,165766
2020-10-06 00:00:00+00:00,2930.0,2894.5,2937.5,2880.0,115095
2020-10-07 00:00:00+00:00,2892.5,2879.0,2904.0,2815.5,205080
2020-10-08 00:00:00+00:00,2881.0,2846.5,2905.0,2834.0,77164
2020-10-09 00:00:00+00:00,2859.5,2826.5,2865.0,2810.0,111196
2020-10-12 00:00:00+00:00,2834.5,2954.5,2955.0,2821.0,209536
2020-10-13 00:00:00+00:00,2939.5,2900.0,2988.0,2873.0,169870
2020-10-14 00:00:00+00:00,2897.5,3029.5,3036.5,2884.5,235822
2020-10-15 00:00:00+00:00,3038.0,3009.0,3052.0,2963.0,180744
2020-10-16 00:00:00+00:00,2991.5,3069.5,3087.0,2990.0,252725
2020-10-19 00:00:00+00:00,3081.0,3119.5,3140.0,3050.5,150850
2020-10-20 00:00:00+00:00,3119.5,3005.0,3134.5,3001.0,147063
2020-10-21 00:00:00+00:00,3030.0,2962.5,3030.0,2944.0,184746
2020-10-22 00:00:00+00:00,2964.0,2982.0,2989.0,2926.0,159280
2020-10-23 00:00:00+00:00,2972.0,2987.0,2996.5,2930.0,156434
2020-10-26 00:00:00+00:00,2999.0,2873.0,3087.0,2840.5,398247
2020-10-27 00:00:00+00:00,2861.5,2825.0,2914.0,2782.5,447007
2020-10-28 00:00:00+00:00,2829.5,2787.0,2847.5,2701.5,442730
2020-10-29 00:00:00+00:00,2838.5,2775.0,2838.5,2741.0,203298
2020-10-30 00:00:00+00:00,2775.0,2797.0,2820.0,2701.0,192842
2020-11-02 00:00:00+00:00,2788.0,2835.0,2878.0,2729.0,185301
2020-11-03 00:00:00+00:00,2826.5,2810.0,2893.5,2788.0,249146
2020-11-05 00:00:00+00:00,2855.0,2817.0,2890.5,2804.5,528365
2020-11-06 00:00:00+00:00,2819.0,2866.5,2866.5,2804.0,233182
2020-11-09 00:00:00+00:00,2860.5,2850.5,2897.5,2804.0,571570
2020-11-10 00:00:00+00:00,2861.0,2784.0,2875.0,2774.5,280218
2020-11-11 00:00:00+00:00,2805.0,2714.0,2829.0,2658.0,445159
2020-11-12 00:00:00+00:00,2734.0,2807.0,2815.5,2700.0,425739
2020-11-13 00:00:00+00:00,2800.0,2755.5,2810.0,2740.0,182404
2020-11-16 00:00:00+00:00,2798.0,2786.5,2812.0,2755.0,307718
2020-11-17 00:00:00+00:00,2772.0,2718.0,2784.0,2703.0,217955
2020-11-18 00:00:00+00:00,2738.5,2746.5,2748.5,2700.0,277163
2020-11-19 00:00:00+00:00,2746.5,2700.0,2747.0,2700.0,221255
2020-11-20 00:00:00+00:00,2706.0,2670.5,2725.0,2657.5,304017
2020-11-23 00:00:00+00:00,2673.5,2611.5,2709.0,2606.0,527780
2020-11-24 00:00:00+00:00,2639.5,2611.5,2649.5,2590.0,462713
2020-11-25 00:00:00+00:00,2614.5,2617.0,2635.0,2580.0,437471
2020-11-26 00:00:00+00:00,2641.0,2730.0,2734.5,2634.5,856063
2020-11-27 00:00:00+00:00,2739.5,2777.5,2799.0,2727.0,580742
2020-11-30 00:00:00+00:00,2769.5,2720.5,2824.5,2710.0,893247
2020-12-01 00:00:00+00:00,2749.5,2808.5,2840.0,2740.0,484422
2020-12-02 00:00:00+00:00,2810.5,2837.0,2860.0,2793.0,314941
2020-12-03 00:00:00+00:00,2839.5,2789.0,2850.0,2758.0,280759
2020-12-04 00:00:00+00:00,2795.5,2790.5,2820.0,2765.5,250857
2020-12-07 00:00:00+00:00,2782.0,2791.5,2809.0,2772.0,191189
2020-12-08 00:00:00+00:00,2786.5,2721.5,2787.0,2702.5,414113
2020-12-09 00:00:00+00:00,2740.0,2832.5,2858.0,2726.5,822012
2020-12-10 00:00:00+00:00,2837.0,2868.0,2888.0,2837.0,551317
2020-12-11 00:00:00+00:00,2870.0,2851.0,2886.0,2825.0,362671
2020-12-14 00:00:00+00:00,2865.0,2884.0,2905.5,2837.0,621530
2020-12-15 00:00:00+00:00,2883.0,2897.0,2904.0,2847.0,334571
2020-12-16 00:00:00+00:00,2899.5,2845.0,2909.0,2810.0,471406
2020-12-17 00:00:00+00:00,2783.5,2745.0,2800.0,2741.0,660566
2020-12-18 00:00:00+00:00,2770.0,2752.0,2771.5,2720.0,319047
2020-12-21 00:00:00+00:00,2747.0,2676.5,2770.0,2653.0,459750
2020-12-22 00:00:00+00:00,2683.0,2716.5,2731.5,2673.5,228258
2020-12-23 00:00:00+00:00,2730.0,2709.5,2747.5,2677.5,260639
2020-12-24 00:00:00+00:00,2707.5,2714.0,2719.0,2678.0,161145
2020-12-25 00:00:00+00:00,2700.0,2734.5,2740.0,2690.0,119472
2020-12-28 00:00:00+00:00,2734.5,2740.5,2760.5,2727.0,128312
2020-12-29 00:00:00+00:00,2740.5,2753.5,2765.0,2738.0,179721
2020-12-30 00:00:00+00:00,2753.5,2760.0,2763.5,2727.5,241138
2021-01-04 00:00:00+00:00,2753.5,2775.0,2781.5,2741.5,294903
2021-01-05 00:00:00+00:00,2765.0,2873.0,2887.0,2742.0,550600
2021-01-06 00:00:00+00:00,2873.5,2801.5,2873.5,2785.0,297220
2021-01-08 00:00:00+00:00,2823.0,2818.5,2870.0,2806.5,393112
2021-01-11 00:00:00+00:00,2813.5,2803.0,2850.0,2788.0,406672
2021-01-12 00:00:00+00:00,2806.5,2774.5,2825.0,2751.0,315196
2021-01-13 00:00:00+00:00,2765.5,2760.5,2796.5,2725.5,347685
2021-01-14 00:00:00+00:00,2770.0,2764.5,2789.0,2751.0,218620
2021-01-15 00:00:00+00:00,2761.0,2691.5,2769.5,2687.0,295249
2021-01-18 00:00:00+00:00,2700.0,2710.0,2733.0,2692.5,114927
2021-01-19 00:00:00+00:00,2729.0,2761.5,2795.0,2725.0,274056
2021-01-20 00:00:00+00:00,2775.0,2790.0,2835.0,2756.0,289565
2021-01-21 00:00:00+00:00,2799.0,2806.0,2815.0,2764.0,348660
2021-01-22 00:00:00+00:00,2800.5,2799.0,2829.0,2750.0,349749
2021-01-25 00:00:00+00:00,2804.5,2825.0,2828.0,2769.0,277336
2021-01-26 00:00:00+00:00,2805.0,2782.0,2821.0,2765.0,179718
2021-01-27 00:00:00+00:00,2785.0,2771.0,2799.0,2747.0,250878
2021-01-28 00:00:00+00:00,2760.0,2756.0,2789.0,2725.0,185048
2021-01-29 00:00:00+00:00,2765.5,2708.0,2775.0,2679.5,319988
2021-02-01 00:00:00+00:00,2707.5,2665.0,2713.5,2665.0,236423
2021-02-02 00:00:00+00:00,2690.0,2697.5,2705.0,2676.5,226667
2021-02-03 00:00:00+00:00,2689.5,2685.5,2729.5,2684.0,201487
2021-02-04 00:00:00+00:00,2705.0,2670.0,2714.0,2650.0,495289
2021-02-05 00:00:00+00:00,2678.5,2626.0,2678.5,2616.5,445644
2021-02-08 00:00:00+00:00,2644.0,2644.5,2669.5,2627.5,368461
2021-02-09 00:00:00+00:00,2659.0,2634.0,2659.0,2625.5,345476
2021-02-10 00:00:00+00:00,2634.5,2599.5,2640.0,2595.5,400017
2021-02-11 00:00:00+00:00,2618.0,2615.0,2623.0,2600.5,203079
2021-02-12 00:00:00+00:00,2612.5,2594.5,2612.5,2540.0,581320
2021-02-15 00:00:00+00:00,2607.5,2654.5,2660.5,2607.5,471378
2021-02-16 00:00:00+00:00,2661.0,2656.0,2673.0,2647.0,316035
2021-02-17 00:00:00+00:00,2664.0,2628.5,2678.0,2610.0,317666
2021-02-18 00:00:00+00:00,2639.0,2573.0,2640.0,2561.5,467323
2021-02-19 00:00:00+00:00,2583.0,2565.5,2583.0,2543.0,353388
2021-02-20 00:00:00+00:00,2573.0,2570.0,2592.5,2565.0,47220
2021-02-22 00:00:00+00:00,2590.0,2530.5,2600.0,2518.0,301177
2021-02-24 00:00:00+00:00,2540.0,2458.0,2540.0,2454.0,519965
2021-02-25 00:00:00+00:00,2483.0,2474.0,2509.5,2461.5,309532
2021-02-26 00:00:00+00:00,2485.0,2460.0,2485.0,2395.0,557504
2021-03-01 00:00:00+00:00,2463.0,2411.5,2479.0,2405.0,445625
2021-03-02 00:00:00+00:00,2429.0,2426.0,2460.0,2420.0,453088
2021-03-03 00:00:00+00:00,2455.5,2477.0,2505.0,2452.5,489253
2021-03-04 00:00:00+00:00,2477.0,2429.0,2490.0,2411.0,381061
2021-03-05 00:00:00+00:00,2426.0,2437.0,2473.5,2407.0,352974
2021-03-09 00:00:00+00:00,2446.0,2427.0,2470.0,2423.0,364602
2021-03-10 00:00:00+00:00,2435.0,2437.5,2463.0,2414.0,303507
2021-03-11 00:00:00+00:00,2436.0,2492.0,2520.0,2427.5,379341
2021-03-12 00:00:00+00:00,2513.5,2479.5,2516.5,2466.0,367737
2021-03-15 00:00:00+00:00,2488.5,2479.0,2527.5,2458.0,510161
2021-03-16 00:00:00+00:00,2515.0,2490.0,2524.5,2463.5,371702
2021-03-17 00:00:00+00:00,2490.0,2558.0,2579.0,2488.0,703152
2021-03-18 00:00:00+00:00,2571.0,2660.0,2678.0,2564.0,1096406
2021-03-19 00:00:00+00:00,2638.5,2550.0,2659.0,2524.0,1160616
2021-03-22 00:00:00+00:00,2533.0,2473.0,2594.5,2457.5,742471
2021-03-23 00:00:00+00:00,2483.0,2424.0,2490.0,2422.0,751140
2021-03-24 00:00:00+00:00,2430.0,2426.0,2441.0,2403.5,452759
2021-03-25 00:00:00+00:00,2440.0,2384.5,2440.0,2381.0,525260
2021-03-26 00:00:00+00:00,2414.0,2394.5,2421.5,2372.0,527993
2021-03-29 00:00:00+00:00,2398.0,2407.5,2419.5,2372.0,530479
2021-03-30 00:00:00+00:00,2415.0,2401.5,2415.5,2382.5,344464
2021-03-31 00:00:00+00:00,2408.0,2443.0,2457.0,2381.0,638081
2021-04-01 00:00:00+00:00,2448.0,2422.0,2455.0,2420.0,461657
2021-04-02 00:00:00+00:00,2437.5,2443.0,2448.0,2425.0,259414
2021-04-05 00:00:00+00:00,2454.5,2439.0,2454.5,2426.5,165382
2021-04-06 00:00:00+00:00,2448.5,2389.5,2453.0,2382.5,591300
2021-04-07 00:00:00+00:00,2394.0,2370.5,2399.0,2363.0,450045
2021-04-08 00:00:00+00:00,2380.5,2395.5,2404.0,2357.5,443025
2021-04-09 00:00:00+00:00,2394.0,2389.5,2400.0,2368.0,230159
2021-04-12 00:00:00+00:00,2386.0,2428.5,2429.0,2369.5,350105
2021-04-13 00:00:00+00:00,2430.5,2392.0,2434.5,2381.0,391327
2021-04-14 00:00:00+00:00,2405.0,2387.0,2408.5,2373.5,567046
2021-04-15 00:00:00+00:00,2370.5,2392.0,2408.0,2370.5,335259
2021-04-16 00:00:00+00:00,2409.0,2397.0,2411.5,2378.0,319126
2021-04-19 00:00:00+00:00,2399.0,2397.5,2406.5,2385.0,249693
2021-04-20 00:00:00+00:00,2397.0,2351.5,2398.5,2347.0,477371
2021-04-21 00:00:00+00:00,2374.0,2382.0,2391.0,2349.0,384575
2021-04-22 00:00:00+00:00,2388.5,2384.0,2404.5,2370.0,356618
2021-04-23 00:00:00+00:00,2386.0,2377.0,2388.0,2365.5,455685
2021-04-26 00:00:00+00:00,2377.5,2351.0,2385.5,2344.5,734772
2021-04-27 00:00:00+00:00,2372.0,2357.5,2422.0,2351.0,910751
2021-04-28 00:00:00+00:00,2365.0,2350.5,2367.5,2350.0,327038
2021-04-29 00:00:00+00:00,2363.0,2345.5,2381.5,2341.5,536923
2021-04-30 00:00:00+00:00,2355.5,2312.5,2355.5,2310.0,399953
2021-05-04 00:00:00+00:00,2324.0,2293.5,2335.0,2278.0,436371
2021-05-05 00:00:00+00:00,2312.0,2395.0,2398.5,2308.5,749753
2021-05-06 00:00:00+00:00,2398.5,2391.5,2418.0,2364.5,566057
2021-05-07 00:00:00+00:00,2397.0,2372.5,2400.5,2365.5,363281
2021-05-10 00:00:00+00:00,2376.5,2370.0,2379.0,2355.0,264031
2021-05-11 00:00:00+00:00,2361.5,2371.0,2372.0,2343.0,241462
2021-05-12 00:00:00+00:00,2371.0,2362.0,2387.5,2351.5,281324
2021-05-13 00:00:00+00:00,2358.0,2331.0,2365.5,2316.5,354251
2021-05-14 00:00:00+00:00,2342.0,2343.5,2354.0,2330.5,125893
2021-05-17 00:00:00+00:00,2339.0,2310.0,2349.5,2303.0,411131
2021-05-18 00:00:00+00:00,2331.5,2331.0,2347.0,2311.0,672111
2021-05-19 00:00:00+00:00,2342.5,2248.0,2343.0,2245.0,1143965
2021-05-20 00:00:00+00:00,2276.5,2223.0,2277.5,2215.5,800342
2021-05-21 00:00:00+00:00,2231.0,2257.5,2287.5,2231.0,444464
2021-05-24 00:00:00+00:00,2265.0,2277.0,2284.5,2255.0,348666
2021-05-25 00:00:00+00:00,2287.0,2261.0,2291.5,2251.5,479723
2021-05-26 00:00:00+00:00,2258.5,2260.0,2274.0,2244.0,746286
2021-05-27 00:00:00+00:00,2166.5,2186.5,2214.5,2160.0,1335911
2021-05-28 00:00:00+00:00,2209.0,2195.5,2213.0,2187.5,360147
2021-05-31 00:00:00+00:00,2215.0,2221.0,2239.0,2204.5,252527
2021-06-01 00:00:00+00:00,2231.0,2211.5,2232.0,2196.5,689906
2021-06-02 00:00:00+00:00,2215.0,2214.0,2220.0,2197.0,621795
2021-06-03 00:00:00+00:00,2217.0,2255.0,2255.0,2208.5,589142
2021-06-04 00:00:00+00:00,2259.0,2248.5,2265.0,2226.5,452932
2021-06-07 00:00:00+00:00,2259.0,2269.5,2278.5,2250.5,386229
2021-06-08 00:00:00+00:00,2264.0,2258.5,2270.0,2246.0,251546
2021-06-09 00:00:00+00:00,2258.0,2289.5,2291.5,2251.0,417796
2021-06-10 00:00:00+00:00,2283.0,2282.0,2295.5,2273.0,405887
2021-06-11 00:00:00+00:00,2279.5,2326.5,2330.0,2278.5,529412
2021-06-14 00:00:00+00:00,2329.0,2302.0,2335.0,2301.0,281569
2021-06-15 00:00:00+00:00,2309.0,2298.0,2311.5,2267.0,373171
2021-06-16 00:00:00+00:00,2301.5,2340.0,2352.5,2293.0,687193
2021-06-17 00:00:00+00:00,2329.0,2369.5,2396.5,2325.0,863895
2021-06-18 00:00:00+00:00,2380.0,2390.0,2395.0,2347.0,628264
2021-06-21 00:00:00+00:00,2351.5,2415.0,2418.0,2345.5,548316
2021-06-22 00:00:00+00:00,2415.0,2405.0,2428.0,2388.5,374895
2021-06-23 00:00:00+00:00,2412.0,2435.0,2445.0,2403.0,650151
2021-06-24 00:00:00+00:00,2423.0,2453.5,2462.0,2418.0,555318
2021-06-25 00:00:00+00:00,2454.0,2495.5,2507.0,2449.5,740084
2021-06-28 00:00:00+00:00,2486.0,2539.5,2546.5,2486.0,492675
2021-06-29 00:00:00+00:00,2541.0,2560.5,2578.0,2522.5,905343
2021-06-30 00:00:00+00:00,2545.0,2533.0,2583.0,2453.0,748783
2021-07-01 00:00:00+00:00,2530.0,2556.5,2572.0,2530.0,521988
2021-07-02 00:00:00+00:00,2557.5,2563.5,2590.0,2544.5,436628
2021-07-05 00:00:00+00:00,2555.0,2575.0,2584.5,2551.0,315133
2021-07-06 00:00:00+00:00,2578.0,2562.0,2590.0,2551.0,531154
2021-07-07 00:00:00+00:00,2570.0,2513.0,2574.0,2503.0,434931
2021-07-08 00:00:00+00:00,2513.0,2495.5,2518.0,2457.5,652124
2021-07-09 00:00:00+00:00,2500.0,2479.0,2504.5,2466.5,235152
2021-07-12 00:00:00+00:00,2480.0,2487.5,2489.0,2462.5,165589
2021-07-13 00:00:00+00:00,2483.5,2483.5,2489.0,2441.0,364904
2021-07-14 00:00:00+00:00,2485.5,2457.5,2487.0,2441.5,341689
2021-07-15 00:00:00+00:00,2450.0,2435.0,2474.0,2421.5,298196
2021-07-16 00:00:00+00:00,2440.0,2390.0,2458.0,2379.5,398860
2021-07-19 00:00:00+00:00,2395.0,2372.5,2399.0,2350.5,401016
2021-07-20 00:00:00+00:00,2371.5,2375.5,2385.0,2354.0,299448
2021-07-21 00:00:00+00:00,2380.0,2339.5,2383.5,2323.0,188412
2021-07-22 00:00:00+00:00,2347.0,2343.5,2347.5,2301.0,404709
2021-07-23 00:00:00+00:00,2346.5,2340.0,2350.0,2306.5,278750
2021-07-26 00:00:00+00:00,2340.0,2330.0,2346.0,2315.5,259204
2021-07-27 00:00:00+00:00,2333.0,2326.0,2340.5,2312.0,443289
2021-07-28 00:00:00+00:00,2312.0,2375.0,2384.5,2312.0,379408
2021-07-29 00:00:00+00:00,2377.0,2395.0,2400.0,2343.5,401118
2021-07-30 00:00:00+00:00,2390.0,2378.0,2410.0,2365.0,243466
2021-08-02 00:00:00+00:00,2398.0,2386.0,2401.0,2376.0,233893
2021-08-03 00:00:00+00:00,2400.0,2399.0,2410.0,2365.0,292457
2021-08-04 00:00:00+00:00,2400.0,2386.5,2422.0,2376.0,291840
2021-08-05 00:00:00+00:00,2387.0,2420.0,2420.0,2375.0,211539
2021-08-06 00:00:00+00:00,2420.0,2388.5,2422.0,2380.0,218923
2021-08-09 00:00:00+00:00,2382.0,2390.0,2404.0,2375.0,152918
2021-08-10 00:00:00+00:00,2393.0,2438.5,2440.0,2390.0,369214
2021-08-11 00:00:00+00:00,2445.0,2458.5,2474.0,2422.0,357646
2021-08-12 00:00:00+00:00,2458.5,2456.5,2472.5,2434.0,208103
2021-08-13 00:00:00+00:00,2455.0,2451.5,2488.0,2431.0,732892
2021-08-16 00:00:00+00:00,2441.0,2418.0,2449.0,2378.0,512631
2021-08-17 00:00:00+00:00,2416.0,2466.5,2492.5,2414.5,467223
2021-08-18 00:00:00+00:00,2467.0,2490.0,2505.0,2466.0,183367
2021-08-19 00:00:00+00:00,2473.5,2502.0,2529.0,2462.0,444079
2021-08-20 00:00:00+00:00,2502.0,2492.0,2529.0,2455.5,213959
2021-08-23 00:00:00+00:00,2500.0,2494.5,2508.0,2472.0,256379
2021-08-24 00:00:00+00:00,2490.0,2518.5,2526.0,2490.0,276894
2021-08-25 00:00:00+00:00,2518.5,2482.5,2525.0,2469.5,404701
2021-08-26 00:00:00+00:00,2492.0,2444.0,2492.0,2435.0,449565
2021-08-27 00:00:00+00:00,2445.0,2473.0,2480.0,2436.5,262200
2021-08-30 00:00:00+00:00,2473.0,2465.0,2484.0,2462.0,140933
2021-08-31 00:00:00+00:00,2474.0,2420.5,2474.5,2413.0,459684
2021-09-01 00:00:00+00:00,2445.0,2463.5,2471.0,2425.5,355186
2021-09-02 00:00:00+00:00,2463.0,2419.5,2475.0,2411.0,403911
2021-09-03 00:00:00+00:00,2420.0,2395.5,2432.0,2380.0,392760
2021-09-06 00:00:00+00:00,2387.0,2415.5,2433.5,2387.0,423061
2021-09-07 00:00:00+00:00,2415.5,2393.0,2420.0,2358.0,835168
2021-09-08 00:00:00+00:00,2395.0,2394.5,2414.5,2386.0,255161
2021-09-09 00:00:00+00:00,2401.5,2355.0,2401.5,2350.5,453129
2021-09-10 00:00:00+00:00,2360.0,2323.5,2371.5,2314.0,684610
2021-09-13 00:00:00+00:00,2335.0,2355.5,2359.0,2293.0,494353
2021-09-14 00:00:00+00:00,2361.0,2314.0,2361.0,2293.5,570051
2021-09-15 00:00:00+00:00,2314.5,2317.5,2332.5,2295.5,385820
2021-09-16 00:00:00+00:00,2317.5,2339.0,2343.0,2303.0,450425
2021-09-17 00:00:00+00:00,2345.5,2329.5,2359.5,2315.0,623629
2021-09-20 00:00:00+00:00,2320.0,2291.0,2327.0,2277.5,411100
2021-09-21 00:00:00+00:00,2308.0,2323.5,2340.5,2300.0,391460
2021-09-22 00:00:00+00:00,2325.0,2316.0,2335.5,2306.5,468230
2021-09-23 00:00:00+00:00,2325.0,2346.0,2353.0,2320.5,374588
2021-09-24 00:00:00+00:00,2346.0,2373.0,2376.0,2339.0,285564
2021-09-27 00:00:00+00:00,2379.0,2354.5,2386.5,2350.0,255165
2021-09-28 00:00:00+00:00,2357.0,2344.5,2370.0,2324.5,426074
2021-09-29 00:00:00+00:00,2338.5,2370.0,2397.0,2337.0,465632
2021-09-30 00:00:00+00:00,2374.5,2352.0,2376.0,2344.0,385312
2021-10-01 00:00:00+00:00,2341.0,2336.0,2348.0,2327.5,173283
2021-10-04 00:00:00+00:00,2334.5,2332.5,2347.5,2290.0,513613
2021-10-05 00:00:00+00:00,2316.5,2346.0,2359.0,2306.5,362176
2021-10-06 00:00:00+00:00,2351.0,2388.5,2395.0,2332.0,606636
2021-10-07 00:00:00+00:00,2390.0,2426.0,2446.0,2382.5,468281
2021-10-08 00:00:00+00:00,2422.0,2416.5,2449.5,2400.5,282135
2021-10-11 00:00:00+00:00,2416.5,2423.5,2442.5,2399.5,214402
2021-10-12 00:00:00+00:00,2400.0,2407.5,2428.5,2400.0,152386
2021-10-13 00:00:00+00:00,2407.5,2459.5,2463.5,2402.5,345513
2021-10-14 00:00:00+00:00,2460.0,2430.5,2469.0,2423.5,280379
2021-10-15 00:00:00+00:00,2435.0,2377.0,2439.0,2358.5,594540
2021-10-18 00:00:00+00:00,2379.0,2349.0,2379.0,2330.5,339960
2021-10-19 00:00:00+00:00,2339.0,2380.0,2387.5,2337.5,339660
2021-10-20 00:00:00+00:00,2380.0,2385.0,2390.0,2355.0,190716
2021-10-21 00:00:00+00:00,2388.0,2362.0,2388.0,2344.0,253629
2021-10-22 00:00:00+00:00,2362.0,2388.5,2411.0,2356.5,398907
2021-10-25 00:00:00+00:00,2400.0,2470.0,2477.0,2394.0,948688
2021-10-26 00:00:00+00:00,2470.0,2443.0,2492.5,2424.5,711294
2021-10-27 00:00:00+00:00,2443.0,2474.0,2494.0,2431.5,574779
2021-10-28 00:00:00+00:00,2474.0,2423.5,2483.0,2387.0,851807
2021-10-29 00:00:00+00:00,2413.0,2409.0,2420.0,2390.0,235547
2021-11-01 00:00:00+00:00,2395.5,2422.5,2438.5,2355.0,542450
2021-11-02 00:00:00+00:00,2422.0,2410.0,2447.0,2406.0,244121
2021-11-03 00:00:00+00:00,2419.5,2420.0,2434.0,2393.0,352826
2021-11-05 00:00:00+00:00,2430.0,2390.0,2430.0,2384.0,338372
2021-11-08 00:00:00+00:00,2405.0,2417.0,2445.0,2395.5,336823
2021-11-09 00:00:00+00:00,2417.0,2455.5,2474.5,2407.5,625288
2021-11-10 00:00:00+00:00,2464.5,2442.5,2470.0,2436.5,235489
2021-11-11 00:00:00+00:00,2450.0,2430.5,2462.5,2415.5,355796
2021-11-12 00:00:00+00:00,2431.0,2401.0,2456.0,2368.0,668382
2021-11-15 00:00:00+00:00,2401.0,2390.0,2407.0,2377.5,328119
2021-11-16 00:00:00+00:00,2399.5,2362.5,2407.0,2350.5,387468
2021-11-17 00:00:00+00:00,2368.5,2344.5,2369.5,2338.0,294637
2021-11-18 00:00:00+00:00,2344.5,2291.0,2349.0,2262.0,887534
2021-11-19 00:00:00+00:00,2294.0,2249.0,2310.5,2235.5,907899
2021-11-22 00:00:00+00:00,2249.0,2205.5,2249.0,2175.0,798708
2021-11-23 00:00:00+00:00,2214.0,2195.0,2219.5,2157.0,712302
2021-11-24 00:00:00+00:00,2200.5,2176.0,2228.5,2165.5,514097
2021-11-25 00:00:00+00:00,2181.0,2180.0,2199.5,2141.5,595629
2021-11-26 00:00:00+00:00,2164.0,2088.0,2175.5,2073.0,911231
2021-11-29 00:00:00+00:00,2096.0,2060.0,2116.0,2035.0,778212
2021-11-30 00:00:00+00:00,2051.0,2073.0,2106.0,2025.0,831277
2021-12-01 00:00:00+00:00,2080.0,2116.0,2149.5,2080.0,676222
2021-12-02 00:00:00+00:00,2128.0,2131.0,2152.0,2111.0,280182
2021-12-03 00:00:00+00:00,2139.0,2085.0,2143.5,2076.0,646821
2021-12-06 00:00:00+00:00,2085.5,2082.5,2121.0,2049.5,436039
2021-12-07 00:00:00+00:00,2090.0,2091.5,2109.5,2063.0,409020
2021-12-08 00:00:00+00:00,2099.5,2101.5,2139.0,2082.0,598059
2021-12-09 00:00:00+00:00,2109.0,2133.5,2135.0,2101.0,342304
2021-12-10 00:00:00+00:00,2136.0,2098.0,2136.0,2077.5,311043
2021-12-13 00:00:00+00:00,2099.0,2037.5,2118.5,2032.5,407928
2021-12-14 00:00:00+00:00,2038.5,2057.0,2067.0,1899.5,780765
2021-12-15 00:00:00+00:00,2057.0,2082.0,2115.0,2035.0,741542
2021-12-16 00:00:00+00:00,2023.0,2011.0,2053.5,2003.0,786545
2021-12-17 00:00:00+00:00,2014.0,2031.0,2031.5,1997.0,337179
2021-12-20 00:00:00+00:00,2029.0,1972.5,2029.5,1947.0,481603
2021-12-21 00:00:00+00:00,1980.0,1970.0,2007.5,1946.0,475113
2021-12-22 00:00:00+00:00,1977.0,1989.0,2001.5,1956.0,417521
2021-12-23 00:00:00+00:00,1999.5,1930.0,1999.5,1925.0,466667
2021-12-24 00:00:00+00:00,1933.0,1946.0,1949.0,1907.0,246594
2021-12-27 00:00:00+00:00,1954.0,1947.0,1956.0,1923.5,376834
2021-12-28 00:00:00+00:00,1949.5,1926.0,1954.0,1923.5,480905
2021-12-29 00:00:00+00:00,1926.0,1924.0,1949.5,1914.0,300730
2021-12-30 00:00:00+00:00,1925.5,1959.5,1965.5,1920.0,652198
2022-01-03 00:00:00+00:00,1962.5,1994.0,1996.5,1957.5,250932
2022-01-04 00:00:00+00:00,1990.0,2019.0,2037.0,1986.0,416612
2022-01-05 00:00:00+00:00,2019.0,1966.5,2049.5,1953.0,386212
2022-01-06 00:00:00+00:00,1967.0,1991.5,2027.0,1960.0,385393
2022-01-10 00:00:00+00:00,2018.5,2010.0,2022.0,1990.5,281524
2022-01-11 00:00:00+00:00,2048.0,2001.5,2048.0,1992.0,309211
2022-01-12 00:00:00+00:00,2001.5,2011.5,2025.5,1991.5,436427
2022-01-13 00:00:00+00:00,2013.5,1923.5,2018.0,1903.0,720165
2022-01-14 00:00:00+00:00,1927.5,1885.0,1942.5,1806.0,908327
2022-01-17 00:00:00+00:00,1892.0,1859.5,1899.5,1827.0,602447
2022-01-18 00:00:00+00:00,1860.0,1759.5,1873.0,1686.5,1144259
2022-01-19 00:00:00+00:00,1776.0,1770.0,1829.0,1691.5,1056964
2022-01-20 00:00:00+00:00,1770.0,1756.5,1829.0,1732.0,670576
2022-01-21 00:00:00+00:00,1748.0,1758.0,1822.0,1731.0,1089669
2022-01-24 00:00:00+00:00,1775.5,1683.5,1775.5,1626.0,1098490
2022-01-25 00:00:00+00:00,1684.0,1620.5,1710.0,1576.5,1235542
2022-01-26 00:00:00+00:00,1621.0,1650.0,1730.5,1590.0,1229249
2022-01-27 00:00:00+00:00,1640.0,1739.5,1740.0,1626.0,853926
2022-01-28 00:00:00+00:00,1721.0,1715.5,1763.0,1691.0,582575
2022-01-31 00:00:00+00:00,1725.0,1745.0,1783.5,1720.5,603563
2022-02-01 00:00:00+00:00,1755.0,1745.0,1775.0,1711.0,510256
2022-02-02 00:00:00+00:00,1744.5,1742.0,1759.0,1711.5,455502
2022-02-03 00:00:00+00:00,1743.5,1636.0,1743.5,1632.0,699454
2022-02-04 00:00:00+00:00,1640.0,1655.5,1693.5,1638.0,734219
2022-02-07 00:00:00+00:00,1656.0,1646.0,1683.0,1631.0,290700
2022-02-08 00:00:00+00:00,1650.0,1714.0,1714.0,1637.5,676460
2022-02-09 00:00:00+00:00,1715.0,1764.0,1775.0,1714.5,655348
2022-02-10 00:00:00+00:00,1764.0,1781.5,1823.5,1738.0,527192
2022-02-11 00:00:00+00:00,1781.5,1695.0,1793.0,1670.0,902633
2022-02-14 00:00:00+00:00,1673.0,1727.0,1754.0,1633.0,1046967
2022-02-15 00:00:00+00:00,1730.5,1795.0,1802.0,1709.5,708956
2022-02-16 00:00:00+00:00,1795.5,1873.5,1922.5,1795.5,1077802
2022-02-17 00:00:00+00:00,1887.0,1836.5,1887.0,1790.0,713165
2022-02-18 00:00:00+00:00,1857.5,1773.5,1879.5,1750.0,618712
2022-02-21 00:00:00+00:00,1760.5,1549.5,1834.5,1520.5,1405449
2022-02-22 00:00:00+00:00,1527.0,1720.0,1737.0,1417.5,2053963
2022-02-24 00:00:00+00:00,1546.0,1271.0,1546.0,942.0,1660345
2022-02-25 00:00:00+00:00,1226.0,1179.0,1487.0,1150.0,1215622
2022-03-29 00:00:00+00:00,1200.0,1130.0,1271.0,1080.0,564989
2022-03-30 00:00:00+00:00,1229.5,1274.5,1290.0,1165.5,266300
2022-03-31 00:00:00+00:00,1305.0,1440.5,1490.0,1300.5,349522
2022-04-01 00:00:00+00:00,1483.0,1451.0,1600.0,1450.0,310838
2022-04-04 00:00:00+00:00,1497.0,1414.5,1505.0,1361.5,249344
2022-04-05 00:00:00+00:00,1414.5,1300.0,1416.0,1244.5,293110
2022-04-06 00:00:00+00:00,1298.0,1325.0,1356.0,1250.0,136422
2022-04-07 00:00:00+00:00,1325.0,1275.5,1390.0,1265.5,149165
2022-04-08 00:00:00+00:00,1275.5,1257.0,1325.0,1224.0,144119
2022-04-11 00:00:00+00:00,1257.0,1234.0,1299.0,1190.0,89649
2022-04-12 00:00:00+00:00,1218.0,1187.0,1230.0,1171.0,110521
2022-04-13 00:00:00+00:00,1194.5,1148.0,1197.0,1140.5,101820
2022-04-14 00:00:00+00:00,1154.0,1094.0,1154.0,1088.0,101511
2022-04-15 00:00:00+00:00,1085.0,1125.0,1129.5,1056.0,99893
2022-04-18 00:00:00+00:00,1129.5,1132.0,1163.0,1112.0,112801
2022-04-19 00:00:00+00:00,1135.0,1094.5,1176.0,1063.5,197227
2022-04-20 00:00:00+00:00,1099.5,1135.0,1154.0,1090.5,88723
2022-04-21 00:00:00+00:00,1154.5,1153.0,1160.0,1112.0,65243
2022-04-22 00:00:00+00:00,1149.5,1107.5,1150.0,1097.0,49302
2022-04-25 00:00:00+00:00,1090.0,1007.5,1090.0,1001.0,185351
2022-04-26 00:00:00+00:00,1008.0,1015.5,1030.0,980.5,164885
2022-04-27 00:00:00+00:00,1030.0,1119.5,1119.5,1017.5,186472
2022-04-28 00:00:00+00:00,1119.0,1085.5,1175.0,1085.5,185399
2022-04-29 00:00:00+00:00,1095.0,1096.5,1109.5,1080.5,41358
2022-05-04 00:00:00+00:00,1090.0,1061.0,1115.0,1060.0,46566
2022-05-05 00:00:00+00:00,1079.0,1051.0,1084.5,1050.0,54220
2022-05-06 00:00:00+00:00,1062.5,1030.0,1062.5,1027.5,37965
2022-05-11 00:00:00+00:00,1027.0,1000.0,1081.0,981.0,111472
2022-05-12 00:00:00+00:00,1005.0,960.5,1009.5,942.0,89150
2022-05-13 00:00:00+00:00,979.0,964.0,979.0,949.0,47015
2022-05-16 00:00:00+00:00,965.5,1024.0,1040.0,964.0,78676
2022-05-17 00:00:00+00:00,1041.5,1057.5,1070.0,1029.5,86412
2022-05-18 00:00:00+00:00,1071.0,1086.5,1119.0,1058.0,103971
2022-05-19 00:00:00+00:00,1099.0,1049.5,1099.0,999.0,68643
2022-05-20 00:00:00+00:00,1058.5,994.0,1063.5,979.5,136457
2022-05-23 00:00:00+00:00,1004.0,951.0,1005.0,946.0,71907
2022-05-24 00:00:00+00:00,963.0,908.5,967.0,899.0,147857
2022-05-25 00:00:00+00:00,915.0,949.0,968.0,912.0,132270
2022-05-26 00:00:00+00:00,955.0,948.0,978.5,920.0,155116
2022-05-27 00:00:00+00:00,950.0,933.0,958.0,927.5,69672
2022-05-30 00:00:00+00:00,936.5,910.0,946.0,900.0,87906
2022-05-31 00:00:00+00:00,906.5,904.0,911.5,891.0,61603
2022-06-01 00:00:00+00:00,905.0,916.0,939.0,903.0,109602
2022-06-02 00:00:00+00:00,925.0,905.0,925.0,892.0,61685
2022-06-03 00:00:00+00:00,905.0,846.5,909.0,836.0,137376
2022-06-06 00:00:00+00:00,838.0,784.0,843.5,763.0,183786
2022-06-07 00:00:00+00:00,794.0,836.5,838.0,735.0,244838
2022-06-08 00:00:00+00:00,839.5,892.0,897.0,836.5,291689
2022-06-09 00:00:00+00:00,892.5,853.0,904.5,816.0,185734
2022-06-10 00:00:00+00:00,843.0,806.0,845.0,802.0,120733
2022-06-14 00:00:00+00:00,782.0,803.5,839.5,778.0,127935
2022-06-15 00:00:00+00:00,825.0,809.0,825.0,792.0,97413
2022-06-16 00:00:00+00:00,815.0,824.0,829.5,812.5,81844
2022-06-17 00:00:00+00:00,828.0,826.0,839.5,822.0,60015
2022-06-20 00:00:00+00:00,827.5,837.5,845.0,827.0,74516
2022-06-21 00:00:00+00:00,838.0,831.0,848.5,822.0,69990
2022-06-22 00:00:00+00:00,817.5,812.0,830.5,801.5,68737
2022-06-23 00:00:00+00:00,817.0,842.0,847.0,806.0,70729
2022-06-24 00:00:00+00:00,841.0,898.0,898.5,834.0,140296
2022-06-27 00:00:00+00:00,902.5,967.5,968.0,899.5,187949
2022-06-28 00:00:00+00:00,970.0,983.5,997.5,937.5,180993
2022-06-29 00:00:00+00:00,982.0,1019.0,1050.0,943.0,239894
2022-06-30 00:00:00+00:00,1000.0,981.0,1030.0,962.0,129665
2022-07-01 00:00:00+00:00,981.0,975.0,996.5,951.5,63052
2022-07-04 00:00:00+00:00,957.0,1029.0,1031.0,957.0,107028
2022-07-05 00:00:00+00:00,1035.0,1054.5,1098.5,1016.0,132878
2022-07-06 00:00:00+00:00,1054.0,1095.0,1100.0,1028.5,117520
2022-07-07 00:00:00+00:00,1096.0,1149.5,1159.0,1095.5,201080
2022-07-08 00:00:00+00:00,1150.5,1147.5,1196.0,1102.0,204077
2022-07-11 00:00:00+00:00,1143.0,1138.0,1158.0,1129.5,84664
2022-07-12 00:00:00+00:00,1134.0,1108.0,1134.0,1071.0,103639
2022-07-13 00:00:00+00:00,1120.0,1124.5,1144.0,1091.5,125971
2022-07-14 00:00:00+00:00,1140.0,1119.5,1149.0,1107.0,93016
2022-07-15 00:00:00+00:00,1120.0,1137.0,1143.5,1115.0,38190
2022-07-18 00:00:00+00:00,1150.0,1208.5,1214.5,1140.5,178913
2022-07-19 00:00:00+00:00,1207.5,1246.0,1280.0,1156.5,237966
2022-07-20 00:00:00+00:00,1236.5,1260.0,1296.0,1195.0,191528
2022-07-21 00:00:00+00:00,1260.0,1235.5,1275.0,1205.5,125399
2022-07-22 00:00:00+00:00,1238.0,1282.5,1285.0,1236.0,73341
2022-07-25 00:00:00+00:00,1296.0,1389.0,1389.0,1286.0,131689
2022-07-26 00:00:00+00:00,1390.5,1333.5,1420.0,1320.0,260528
2022-07-27 00:00:00+00:00,1333.5,1313.0,1333.5,1257.0,121700
2022-07-28 00:00:00+00:00,1315.0,1334.0,1365.0,1308.0,125114
2022-07-29 00:00:00+00:00,1335.5,1345.0,1350.0,1320.0,69157
2022-08-01 00:00:00+00:00,1330.5,1343.0,1370.0,1302.0,135855
2022-08-02 00:00:00+00:00,1362.5,1318.0,1401.5,1304.0,330406
2022-08-03 00:00:00+00:00,1324.0,1306.0,1350.0,1286.0,84668
2022-08-04 00:00:00+00:00,1304.0,1251.5,1304.0,1237.0,170226
2022-08-05 00:00:00+00:00,1251.5,1176.0,1290.0,1170.0,177390
2022-08-08 00:00:00+00:00,1290.0,1232.0,1290.0,1214.5,108067
2022-08-09 00:00:00+00:00,1232.0,1255.0,1260.0,1206.5,122460
2022-08-10 00:00:00+00:00,1270.0,1292.5,1314.5,1231.0,179589
2022-08-11 00:00:00+00:00,1307.0,1272.5,1320.0,1272.0,84354
2022-08-12 00:00:00+00:00,1273.0,1288.0,1304.0,1237.5,63808
2022-08-15 00:00:00+00:00,1308.0,1334.0,1343.0,1292.5,119005
2022-08-16 00:00:00+00:00,1339.5,1365.0,1370.0,1339.5,82024
2022-08-17 00:00:00+00:00,1370.0,1350.0,1378.0,1340.5,54691
2022-08-18 00:00:00+00:00,1349.0,1328.0,1349.0,1310.0,57892
2022-08-19 00:00:00+00:00,1324.5,1300.0,1324.5,1284.5,52304
2022-08-22 00:00:00+00:00,1307.0,1313.0,1320.0,1293.0,69050
2022-08-23 00:00:00+00:00,1316.0,1367.0,1369.0,1313.5,87289
2022-08-24 00:00:00+00:00,1370.0,1355.5,1395.5,1327.0,84622
2022-08-25 00:00:00+00:00,1365.0,1398.5,1400.0,1356.5,155600
2022-08-26 00:00:00+00:00,1405.0,1422.0,1425.0,1383.0,119061
2022-08-29 00:00:00+00:00,1430.0,1431.0,1439.5,1410.5,80921
2022-08-30 00:00:00+00:00,1440.0,1380.0,1440.0,1355.0,117930
2022-08-31 00:00:00+00:00,1390.0,1400.0,1419.0,1380.0,65751
2022-09-01 00:00:00+00:00,1400.0,1412.5,1426.0,1390.0,54804
2022-09-02 00:00:00+00:00,1416.5,1435.0,1435.0,1405.5,50164
2022-09-05 00:00:00+00:00,1440.0,1429.5,1449.0,1406.5,59584
2022-09-06 00:00:00+00:00,1433.0,1364.0,1445.5,1350.0,182003
2022-09-07 00:00:00+00:00,1364.0,1351.5,1371.5,1314.0,134589
2022-09-08 00:00:00+00:00,1359.0,1326.0,1366.5,1307.0,88055
2022-09-09 00:00:00+00:00,1325.0,1359.0,1360.0,1314.5,54203
2022-09-12 00:00:00+00:00,1352.5,1424.5,1444.5,1289.0,193319
2022-09-13 00:00:00+00:00,1429.0,1489.0,1492.0,1415.0,259089
2022-09-14 00:00:00+00:00,1488.0,1475.5,1489.5,1446.0,166742
2022-09-15 00:00:00+00:00,1480.0,1519.5,1529.5,1478.0,169951
2022-09-16 00:00:00+00:00,1520.0,1504.0,1545.0,1471.0,167106
2022-09-19 00:00:00+00:00,1504.0,1490.5,1521.0,1463.0,90705
2022-09-20 00:00:00+00:00,1490.5,1360.0,1496.0,1305.0,337635
2022-09-21 00:00:00+00:00,1209.0,1259.5,1368.5,1160.0,304200
2022-09-22 00:00:00+00:00,1259.5,1264.5,1316.0,1231.0,231441
2022-09-23 00:00:00+00:00,1265.0,1250.5,1271.0,1201.5,200672
2022-09-26 00:00:00+00:00,1250.0,1050.0,1250.0,1012.0,338727
2022-09-27 00:00:00+00:00,1055.0,1086.0,1135.0,1050.0,211685
2022-09-28 00:00:00+00:00,1086.0,1137.5,1159.5,1050.0,198736
2022-09-29 00:00:00+00:00,1141.0,1128.0,1163.5,1085.5,202123
2022-09-30 00:00:00+00:00,1130.0,1191.0,1199.5,1101.5,280545
2022-10-03 00:00:00+00:00,1200.0,1312.5,1329.5,1200.0,300980
2022-10-04 00:00:00+00:00,1318.5,1340.0,1392.5,1290.0,311379
2022-10-05 00:00:00+00:00,1345.0,1387.0,1408.5,1290.5,441842
2022-10-06 00:00:00+00:00,1391.0,1374.0,1399.0,1350.0,167473
2022-10-07 00:00:00+00:00,1370.0,1340.0,1380.0,1335.5,137248
2022-10-10 00:00:00+00:00,1300.0,1375.0,1395.0,1276.0,327087
2022-10-11 00:00:00+00:00,1382.0,1429.5,1445.0,1373.5,295275
2022-10-12 00:00:00+00:00,1440.0,1436.0,1478.5,1420.0,157871
2022-10-13 00:00:00+00:00,1431.5,1479.0,1496.5,1423.5,188369
2022-10-14 00:00:00+00:00,1480.0,1514.5,1515.0,1480.0,181903
2022-10-17 00:00:00+00:00,1512.0,1511.5,1552.0,1490.0,283742
2022-10-18 00:00:00+00:00,1510.0,1455.0,1525.0,1453.0,221094
2022-10-19 00:00:00+00:00,1456.0,1496.5,1497.0,1456.0,210441
2022-10-20 00:00:00+00:00,1497.0,1516.5,1540.0,1490.0,182364
2022-10-21 00:00:00+00:00,1516.0,1550.0,1551.0,1495.0,164458
2022-10-24 00:00:00+00:00,1553.5,1596.0,1598.5,1553.5,226814
2022-10-25 00:00:00+00:00,1600.0,1608.0,1630.0,1578.0,299859
2022-10-26 00:00:00+00:00,1618.0,1596.5,1618.0,1595.0,96404
2022-10-27 00:00:00+00:00,1596.5,1603.0,1610.0,1581.0,177781
2022-10-28 00:00:00+00:00,1603.0,1611.0,1619.0,1581.0,112828
2022-10-31 00:00:00+00:00,1610.5,1595.0,1614.5,1588.0,117454
2022-11-01 00:00:00+00:00,1596.0,1600.5,1610.0,1590.5,59268
2022-11-02 00:00:00+00:00,1604.5,1560.0,1605.5,1539.0,139176
2022-11-03 00:00:00+00:00,1560.0,1604.0,1605.0,1521.5,145966
2022-11-07 00:00:00+00:00,1615.0,1619.5,1645.0,1607.5,171743
2022-11-08 00:00:00+00:00,1619.0,1611.5,1638.5,1600.5,94873
2022-11-09 00:00:00+00:00,1611.0,1559.5,1622.5,1547.5,110355
2022-11-10 00:00:00+00:00,1559.5,1560.0,1581.5,1512.5,211058
2022-11-11 00:00:00+00:00,1565.0,1567.5,1588.5,1560.0,66134
2022-11-14 00:00:00+00:00,1570.0,1587.0,1612.0,1567.5,89160
2022-11-15 00:00:00+00:00,1597.0,1532.0,1602.0,1460.0,201853
2022-11-16 00:00:00+00:00,1544.0,1559.5,1573.5,1540.0,73277
2022-11-17 00:00:00+00:00,1563.5,1552.5,1578.5,1544.5,45414
2022-11-18 00:00:00+00:00,1555.5,1544.5,1559.0,1529.0,45679
2022-11-21 00:00:00+00:00,1550.0,1523.0,1550.0,1492.0,125631
2022-11-22 00:00:00+00:00,1528.5,1513.0,1536.5,1503.5,55324
2022-11-23 00:00:00+00:00,1523.5,1533.0,1544.5,1511.5,58422
2022-11-24 00:00:00+00:00,1535.0,1560.5,1565.0,1530.5,57859
2022-11-25 00:00:00+00:00,1565.0,1546.5,1569.0,1531.0,42970
2022-11-28 00:00:00+00:00,1536.0,1539.5,1556.5,1522.0,41839
2022-11-29 00:00:00+00:00,1548.0,1540.0,1552.5,1529.5,33156
2022-11-30 00:00:00+00:00,1541.0,1548.5,1569.0,1532.0,93904
2022-12-01 00:00:00+00:00,1558.0,1540.5,1558.0,1535.0,31383
2022-12-02 00:00:00+00:00,1539.5,1538.0,1545.0,1524.5,43208
2022-12-05 00:00:00+00:00,1539.5,1534.0,1544.0,1513.0,53555
2022-12-06 00:00:00+00:00,1527.0,1534.5,1542.0,1515.0,61111
2022-12-07 00:00:00+00:00,1527.5,1530.0,1536.0,1521.0,30747
2022-12-08 00:00:00+00:00,1530.0,1531.0,1537.5,1515.5,61102
2022-12-09 00:00:00+00:00,1531.5,1530.0,1544.0,1516.0,55986
2022-12-12 00:00:00+00:00,1531.0,1522.5,1540.0,1518.5,41359
2022-12-13 00:00:00+00:00,1528.5,1525.0,1531.5,1513.0,40668
2022-12-14 00:00:00+00:00,1529.5,1543.5,1560.0,1525.0,111164
2022-12-15 00:00:00+00:00,1544.0,1522.5,1565.0,1501.5,103922
2022-12-16 00:00:00+00:00,1522.0,1533.0,1546.0,1513.0,100558
2022-12-19 00:00:00+00:00,1528.5,1538.5,1565.0,1505.0,114577
2022-12-20 00:00:00+00:00,1547.0,1564.0,1590.0,1534.0,92733
2022-12-21 00:00:00+00:00,1580.0,1554.5,1580.0,1547.0,48408
2022-12-22 00:00:00+00:00,1554.5,1592.0,1594.5,1551.0,60767
2022-12-23 00:00:00+00:00,1592.0,1580.0,1605.0,1572.0,84334
2022-12-26 00:00:00+00:00,1574.5,1548.0,1583.5,1528.5,169959
2022-12-27 00:00:00+00:00,1552.0,1539.5,1556.5,1531.5,52284
2022-12-28 00:00:00+00:00,1546.0,1520.0,1546.0,1509.5,75874
2022-12-29 00:00:00+00:00,1522.0,1522.5,1530.0,1513.0,40590
2022-12-30 00:00:00+00:00,1522.5,1500.5,1525.5,1474.0,85100
2023-01-03 00:00:00+00:00,1500.5,1513.0,1516.0,1485.5,30546
2023-01-04 00:00:00+00:00,1514.0,1515.0,1522.0,1507.5,25436
2023-01-05 00:00:00+00:00,1515.0,1502.0,1519.5,1497.0,23673
2023-01-06 00:00:00+00:00,1500.0,1498.0,1503.0,1481.0,31055
2023-01-09 00:00:00+00:00,1500.5,1497.0,1508.0,1491.0,38758
2023-01-10 00:00:00+00:00,1496.5,1489.5,1496.5,1476.0,33922
2023-01-11 00:00:00+00:00,1486.5,1519.0,1520.0,1484.0,81421
2023-01-12 00:00:00+00:00,1520.5,1505.0,1520.5,1492.0,97742
2023-01-13 00:00:00+00:00,1501.0,1527.0,1531.5,1493.5,68213
2023-01-16 00:00:00+00:00,1532.5,1557.0,1570.5,1527.5,137719
2023-01-17 00:00:00+00:00,1557.0,1525.0,1570.0,1519.5,111058
2023-01-18 00:00:00+00:00,1527.5,1512.0,1555.5,1503.0,155442
2023-01-19 00:00:00+00:00,1530.0,1512.0,1530.0,1485.5,66617
2023-01-20 00:00:00+00:00,1512.0,1510.0,1520.0,1496.0,48363
2023-01-23 00:00:00+00:00,1510.0,1534.0,1535.0,1510.0,74894
2023-01-24 00:00:00+00:00,1540.0,1513.0,1564.0,1511.0,108532
2023-01-25 00:00:00+00:00,1513.0,1506.0,1514.0,1497.0,52750
2023-01-26 00:00:00+00:00,1511.0,1503.5,1515.5,1496.5,48938
2023-01-27 00:00:00+00:00,1506.0,1503.5,1513.0,1490.5,66071
2023-01-30 00:00:00+00:00,1508.5,1504.5,1510.5,1490.5,55267
2023-01-31 00:00:00+00:00,1505.0,1505.5,1505.5,1495.5,46732
2023-02-01 00:00:00+00:00,1509.0,1507.0,1509.0,1498.0,43843
2023-02-02 00:00:00+00:00,1508.5,1505.5,1512.0,1495.5,72765
2023-02-03 00:00:00+00:00,1505.5,1505.0,1516.0,1495.5,50954
2023-02-06 00:00:00+00:00,1505.0,1539.5,1548.0,1504.5,142746
2023-02-07 00:00:00+00:00,1539.5,1537.5,1555.0,1526.5,109677
2023-02-08 00:00:00+00:00,1539.0,1516.0,1546.0,1495.5,130379
2023-02-09 00:00:00+00:00,1520.0,1524.0,1533.0,1510.5,37976
2023-02-10 00:00:00+00:00,1523.5,1540.0,1547.0,1515.0,77639
2023-02-13 00:00:00+00:00,1540.5,1543.5,1553.0,1540.5,70692
2023-02-14 00:00:00+00:00,1545.5,1526.0,1547.5,1507.0,83296
2023-02-15 00:00:00+00:00,1524.0,1452.0,1524.0,1410.0,196324
2023-02-16 00:00:00+00:00,1460.5,1417.5,1497.5,1389.0,208292
2023-02-17 00:00:00+00:00,1417.0,1415.5,1426.0,1392.5,67767
2023-02-20 00:00:00+00:00,1415.0,1411.5,1425.5,1390.0,58923
2023-02-21 00:00:00+00:00,1411.5,1464.0,1469.0,1411.5,99785
2023-02-22 00:00:00+00:00,1466.5,1456.5,1466.5,1450.0,31164
2023-02-24 00:00:00+00:00,1463.5,1462.0,1480.0,1440.0,29633
2023-02-27 00:00:00+00:00,1440.0,1464.0,1466.5,1424.5,64596
2023-02-28 00:00:00+00:00,1468.0,1466.0,1477.0,1457.0,43060
2023-03-01 00:00:00+00:00,1469.0,1467.5,1470.0,1459.0,49145
2023-03-02 00:00:00+00:00,1468.0,1454.5,1480.0,1442.0,90080
2023-03-03 00:00:00+00:00,1458.5,1469.5,1473.0,1455.0,33683
2023-03-06 00:00:00+00:00,1472.0,1489.0,1492.0,1471.0,59940
2023-03-07 00:00:00+00:00,1485.0,1507.5,1519.0,1483.0,139616
2023-03-09 00:00:00+00:00,1508.0,1505.5,1524.0,1500.0,67621
2023-03-10 00:00:00+00:00,1502.0,1497.5,1508.0,1490.0,45793
2023-03-13 00:00:00+00:00,1502.0,1501.5,1515.0,1485.5,76463
2023-03-14 00:00:00+00:00,1508.0,1500.0,1508.0,1491.5,55529
2023-03-15 00:00:00+00:00,1504.5,1463.0,1507.5,1438.5,165762
2023-03-16 00:00:00+00:00,1462.5,1440.0,1466.5,1410.0,204725
2023-03-17 00:00:00+00:00,1451.0,1452.0,1459.0,1421.0,184153
2023-03-20 00:00:00+00:00,1457.0,1470.5,1477.0,1439.0,151569
2023-03-21 00:00:00+00:00,1474.0,1442.5,1480.0,1429.5,181924
2023-03-22 00:00:00+00:00,1443.0,1418.5,1444.5,1414.0,122493
2023-03-23 00:00:00+00:00,1420.5,1410.0,1433.0,1408.5,102866
2023-03-24 00:00:00+00:00,1413.5,1400.0,1417.0,1395.5,184407
2023-03-27 00:00:00+00:00,1407.0,1406.0,1421.5,1399.0,267291
2023-03-28 00:00:00+00:00,1407.0,1397.5,1407.0,1380.0,198255
2023-03-29 00:00:00+00:00,1397.5,1420.0,1420.0,1391.5,189835
2023-03-30 00:00:00+00:00,1421.0,1433.5,1435.0,1411.5,246335
2023-03-31 00:00:00+00:00,1439.0,1429.0,1452.0,1405.5,225308
2023-04-03 00:00:00+00:00,1435.0,1425.0,1435.5,1413.5,114559
2023-04-04 00:00:00+00:00,1425.0,1410.5,1428.5,1401.0,117997
2023-04-05 00:00:00+00:00,1410.5,1412.0,1419.0,1393.0,118960
2023-04-06 00:00:00+00:00,1412.0,1410.0,1420.0,1398.0,141416
2023-04-07 00:00:00+00:00,1412.5,1409.0,1425.5,1396.0,153597
2023-04-10 00:00:00+00:00,1414.0,1440.0,1440.0,1413.0,177082
2023-04-11 00:00:00+00:00,1440.5,1429.5,1468.0,1411.0,284918
2023-04-12 00:00:00+00:00,1433.0,1432.5,1448.5,1422.5,89721
2023-04-13 00:00:00+00:00,1432.0,1438.5,1445.0,1420.0,62910
2023-04-14 00:00:00+00:00,1440.0,1447.0,1449.5,1424.0,54858
2023-04-17 00:00:00+00:00,1453.0,1465.5,1473.0,1445.0,222231
2023-04-18 00:00:00+00:00,1473.5,1532.0,1538.5,1471.0,406091
2023-04-19 00:00:00+00:00,1535.0,1537.5,1570.0,1506.0,381999
2023-04-20 00:00:00+00:00,1540.0,1545.0,1560.0,1520.5,164015
2023-04-21 00:00:00+00:00,1545.0,1539.5,1552.0,1507.0,100016
2023-04-24 00:00:00+00:00,1539.5,1584.5,1592.0,1530.5,250139
2023-04-25 00:00:00+00:00,1584.5,1562.5,1587.5,1547.5,144323
2023-04-26 00:00:00+00:00,1563.0,1557.5,1566.5,1550.5,61333
2023-04-27 00:00:00+00:00,1562.5,1564.5,1578.0,1520.5,215587
2023-04-28 00:00:00+00:00,1569.5,1550.0,1572.5,1536.5,71666
2023-05-02 00:00:00+00:00,1563.5,1487.5,1567.0,1466.0,212929
2023-05-03 00:00:00+00:00,1489.5,1412.0,1495.0,1400.0,354173
2023-05-04 00:00:00+00:00,1420.0,1430.0,1446.0,1406.0,142417
2023-05-05 00:00:00+00:00,1438.0,1408.5,1439.0,1401.0,152420
2023-05-08 00:00:00+00:00,1408.5,1408.0,1420.0,1401.5,62652
2023-05-10 00:00:00+00:00,1413.0,1440.5,1440.5,1400.0,256425
2023-05-11 00:00:00+00:00,1445.0,1438.0,1474.0,1415.0,271703
2023-05-12 00:00:00+00:00,1442.5,1447.0,1460.0,1422.5,104597
2023-05-15 00:00:00+00:00,1454.0,1470.0,1473.0,1453.0,88383
2023-05-16 00:00:00+00:00,1474.5,1483.5,1486.0,1459.5,94071
2023-05-17 00:00:00+00:00,1493.5,1466.0,1493.5,1455.0,77447
2023-05-18 00:00:00+00:00,1469.0,1458.0,1469.0,1431.0,105205
2023-05-19 00:00:00+00:00,1458.0,1464.5,1469.0,1440.5,90801
2023-05-22 00:00:00+00:00,1469.0,1498.5,1503.0,1461.0,144633
2023-05-23 00:00:00+00:00,1500.0,1497.0,1511.5,1480.0,131892
2023-05-24 00:00:00+00:00,1505.0,1500.0,1509.5,1481.5,105869
2023-05-25 00:00:00+00:00,1500.0,1488.0,1503.5,1461.0,98704
2023-05-26 00:00:00+00:00,1492.5,1503.0,1509.0,1490.0,93915
2023-05-29 00:00:00+00:00,1512.0,1529.0,1534.0,1506.0,149191
2023-05-30 00:00:00+00:00,1520.5,1496.0,1522.5,1351.5,276893
2023-05-31 00:00:00+00:00,1497.5,1495.5,1500.0,1471.5,99218
2023-06-01 00:00:00+00:00,1499.5,1502.0,1510.5,1483.0,135069
2023-06-02 00:00:00+00:00,1500.0,1510.0,1528.5,1490.0,155997
2023-06-05 00:00:00+00:00,1514.5,1483.0,1522.5,1472.0,133111
2023-06-06 00:00:00+00:00,1479.0,1474.5,1489.5,1459.0,124527
2023-06-07 00:00:00+00:00,1479.0,1484.5,1502.0,1468.5,116047
2023-06-08 00:00:00+00:00,1488.5,1514.0,1520.0,1477.5,162347
2023-06-09 00:00:00+00:00,1515.0,1497.0,1517.0,1495.0,83629
2023-06-13 00:00:00+00:00,1499.0,1535.5,1541.0,1495.5,252676
2023-06-14 00:00:00+00:00,1540.0,1546.5,1556.0,1509.5,259071
2023-06-15 00:00:00+00:00,1553.0,1553.5,1559.5,1520.0,322837
2023-06-16 00:00:00+00:00,1549.5,1539.5,1550.5,1530.0,167524
2023-06-19 00:00:00+00:00,1549.0,1544.5,1554.5,1520.0,161040
2023-06-20 00:00:00+00:00,1545.0,1526.0,1547.5,1511.0,153116
2023-06-21 00:00:00+00:00,1531.0,1528.0,1540.0,1520.0,125603
2023-06-22 00:00:00+00:00,1528.0,1522.5,1545.0,1521.0,145855
2023-06-23 00:00:00+00:00,1520.0,1477.5,1532.5,1473.0,186909
2023-06-26 00:00:00+00:00,1517.0,1488.0,1517.0,1450.0,196879
2023-06-27 00:00:00+00:00,1490.0,1498.5,1515.0,1480.0,159012
2023-06-28 00:00:00+00:00,1504.5,1507.0,1514.0,1493.0,92860
2023-06-29 00:00:00+00:00,1517.0,1521.0,1522.0,1505.5,136661
2023-06-30 00:00:00+00:00,1521.5,1511.0,1523.5,1504.0,80496
2023-07-03 00:00:00+00:00,1511.5,1523.0,1530.0,1510.0,101010
2023-07-04 00:00:00+00:00,1523.0,1517.5,1532.0,1515.0,104238
2023-07-05 00:00:00+00:00,1520.0,1534.5,1550.0,1519.0,117307
2023-07-06 00:00:00+00:00,1539.5,1529.5,1545.0,1520.0,96264
2023-07-07 00:00:00+00:00,1529.5,1528.0,1533.5,1506.0,112732
2023-07-10 00:00:00+00:00,1532.0,1548.5,1557.0,1529.0,149600
2023-07-11 00:00:00+00:00,1553.5,1597.5,1606.0,1545.0,439149
2023-07-12 00:00:00+00:00,1608.5,1707.5,1712.0,1601.5,2165620
2023-07-13 00:00:00+00:00,1710.0,1721.5,1734.0,1681.5,1489740
2023-07-14 00:00:00+00:00,1713.5,1734.0,1745.0,1694.5,733081
2023-07-17 00:00:00+00:00,1731.5,1841.0,1849.0,1725.0,1430491
2023-07-18 00:00:00+00:00,1844.0,1830.5,1855.0,1792.5,1533595
2023-07-19 00:00:00+00:00,1830.0,1958.0,1990.0,1829.0,2335189
2023-07-20 00:00:00+00:00,1965.0,1931.5,2015.0,1871.5,2063327
2023-07-21 00:00:00+00:00,1930.0,1943.0,1966.5,1912.0,522630
2023-07-24 00:00:00+00:00,1946.0,1972.0,1980.0,1933.0,541094
2023-07-25 00:00:00+00:00,1985.0,2082.5,2084.0,1977.5,1552165
2023-07-26 00:00:00+00:00,2082.5,2052.5,2133.0,2022.0,968519
2023-07-27 00:00:00+00:00,2059.0,2044.0,2063.5,2017.0,610565
2023-07-28 00:00:00+00:00,2043.0,2132.0,2158.5,2027.0,1283917
2023-07-31 00:00:00+00:00,2140.0,2119.0,2148.0,2091.0,672929
2023-08-01 00:00:00+00:00,2131.0,2103.0,2144.0,2078.5,554039
2023-08-02 00:00:00+00:00,2103.0,2099.0,2117.0,2094.5,271903
2023-08-03 00:00:00+00:00,2100.0,2205.0,2244.0,2060.0,1435190
2023-08-04 00:00:00+00:00,2210.0,2120.5,2229.0,2062.5,1127974
2023-08-07 00:00:00+00:00,2134.5,2076.5,2159.0,2067.0,503089
2023-08-08 00:00:00+00:00,2075.0,2204.0,2208.5,2018.5,1135537
2023-08-09 00:00:00+00:00,2210.0,2180.5,2225.0,2165.0,625155
2023-08-10 00:00:00+00:00,2180.0,2197.0,2206.0,2171.5,262536
2023-08-11 00:00:00+00:00,2202.0,2204.5,2220.0,2186.0,392802
2023-08-14 00:00:00+00:00,2210.0,2159.0,2277.0,2123.5,1175437
2023-08-15 00:00:00+00:00,2154.5,2161.0,2235.0,2101.0,849808
2023-08-16 00:00:00+00:00,2172.0,2150.0,2196.0,2091.5,588900
2023-08-17 00:00:00+00:00,2175.0,2229.0,2241.0,2125.0,709963
2023-08-18 00:00:00+00:00,2230.0,2237.5,2260.0,2211.5,557717
2023-08-21 00:00:00+00:00,2249.0,2281.5,2285.5,2222.5,636258
2023-08-22 00:00:00+00:00,2290.0,2315.0,2350.0,2250.0,713669
2023-08-23 00:00:00+00:00,2315.5,2299.0,2359.5,2280.0,851349
2023-08-24 00:00:00+00:00,2315.0,2334.5,2344.0,2295.5,215463
2023-08-25 00:00:00+00:00,2342.0,2347.5,2357.0,2325.0,268920
2023-08-28 00:00:00+00:00,2354.0,2369.5,2379.0,2351.5,193625
2023-08-29 00:00:00+00:00,2369.5,2350.0,2373.5,2326.5,243428
2023-08-30 00:00:00+00:00,2349.5,2328.0,2355.0,2307.0,210160
2023-08-31 00:00:00+00:00,2326.5,2332.5,2337.5,2290.0,302771
2023-09-01 00:00:00+00:00,2333.0,2321.5,2348.0,2306.0,232513
2023-09-04 00:00:00+00:00,2330.0,2366.0,2373.0,2320.0,260042
2023-09-05 00:00:00+00:00,2370.0,2342.0,2403.0,2301.0,601620
2023-09-06 00:00:00+00:00,2342.0,2325.5,2346.0,2320.0,149153
2023-09-07 00:00:00+00:00,2325.0,2243.5,2333.0,2211.5,419125
2023-09-08 00:00:00+00:00,2240.0,2263.0,2302.5,2172.0,435176
2023-09-11 00:00:00+00:00,2260.0,2326.5,2349.0,2210.0,790618
2023-09-12 00:00:00+00:00,2340.5,2410.0,2413.0,2331.0,537982
2023-09-13 00:00:00+00:00,2410.5,2374.5,2413.0,2349.5,344116
2023-09-14 00:00:00+00:00,2378.0,2368.0,2397.0,2273.0,435914
2023-09-15 00:00:00+00:00,2365.0,2426.0,2435.0,2346.5,307844
2023-09-18 00:00:00+00:00,2426.0,2392.0,2445.0,2366.0,368540
2023-09-19 00:00:00+00:00,2392.0,2299.0,2395.0,2287.0,407187
2023-09-20 00:00:00+00:00,2300.0,2251.0,2308.5,2205.0,464655
2023-09-21 00:00:00+00:00,2251.0,2141.0,2254.5,2130.0,453934
2023-09-22 00:00:00+00:00,2150.0,2126.5,2171.0,2104.0,698940
2023-09-25 00:00:00+00:00,2141.5,2115.0,2148.0,2080.5,322853
2023-09-26 00:00:00+00:00,2115.0,2223.0,2245.5,2092.0,602212
2023-09-27 00:00:00+00:00,2235.0,2246.0,2290.5,2201.0,536772
2023-09-28 00:00:00+00:00,2247.0,2252.0,2262.5,2220.0,241709
2023-09-29 00:00:00+00:00,2250.0,2234.0,2272.5,2226.5,218833
2023-10-02 00:00:00+00:00,2234.0,2259.5,2272.0,2230.0,230581
2023-10-03 00:00:00+00:00,2255.5,2321.5,2325.0,2230.5,406602
2023-10-04 00:00:00+00:00,2325.0,2289.5,2327.5,2275.0,224416
2023-10-05 00:00:00+00:00,2290.0,2280.0,2294.5,2253.0,132979
2023-10-06 00:00:00+00:00,2286.5,2296.0,2317.5,2260.5,208769
2023-10-09 00:00:00+00:00,2302.0,2302.0,2315.0,2290.5,149300
2023-10-10 00:00:00+00:00,2313.0,2344.0,2348.0,2295.0,197832
2023-10-11 00:00:00+00:00,2345.0,2323.0,2359.0,2315.0,282316
2023-10-12 00:00:00+00:00,2315.0,2325.5,2339.0,2310.0,120537
2023-10-13 00:00:00+00:00,2328.0,2329.0,2334.0,2320.0,83783
2023-10-16 00:00:00+00:00,2349.5,2401.5,2402.0,2339.0,439147
2023-10-17 00:00:00+00:00,2408.5,2385.0,2425.0,2371.5,414959
2023-10-18 00:00:00+00:00,2385.0,2374.0,2395.0,2350.5,242843
2023-10-19 00:00:00+00:00,2365.5,2376.5,2396.5,2350.0,201734
2023-10-20 00:00:00+00:00,2382.0,2389.0,2409.5,2335.0,231332
2023-10-23 00:00:00+00:00,2399.5,2379.0,2409.0,2360.0,243885
2023-10-24 00:00:00+00:00,2379.0,2401.0,2409.5,2351.5,330616
2023-10-25 00:00:00+00:00,2409.5,2414.5,2440.0,2395.0,456379
2023-10-26 00:00:00+00:00,2423.0,2372.0,2425.0,2371.5,339019
2023-10-27 00:00:00+00:00,2374.0,2366.0,2392.5,2352.0,175767
2023-10-30 00:00:00+00:00,2366.0,2333.5,2370.5,2330.0,180404
2023-10-31 00:00:00+00:00,2333.5,2271.5,2336.0,2255.5,368544
2023-11-01 00:00:00+00:00,2271.5,2271.0,2299.5,2261.5,181427
2023-11-02 00:00:00+00:00,2272.5,2293.0,2324.0,2272.5,219119
2023-11-03 00:00:00+00:00,2300.0,2277.0,2307.0,2272.0,95034
2023-11-06 00:00:00+00:00,2281.0,2320.5,2325.0,2273.5,63758
2023-11-07 00:00:00+00:00,2321.0,2339.5,2351.0,2317.5,149644
2023-11-08 00:00:00+00:00,2345.0,2307.5,2349.0,2304.0,183904
2023-11-09 00:00:00+00:00,2300.5,2310.0,2332.0,2300.5,163338
2023-11-10 00:00:00+00:00,2310.0,2287.5,2316.5,2270.5,131623
2023-11-13 00:00:00+00:00,2297.5,2294.5,2307.5,2282.0,155358
2023-11-14 00:00:00+00:00,2294.5,2237.0,2294.5,2215.0,291323
2023-11-15 00:00:00+00:00,2235.0,2235.0,2255.5,2218.0,182293
2023-11-16 00:00:00+00:00,2240.5,2198.0,2240.5,2187.5,220306
2023-11-17 00:00:00+00:00,2196.5,2204.5,2208.5,2172.0,237929
2023-11-20 00:00:00+00:00,2204.5,2223.5,2229.0,2195.5,207541
2023-11-21 00:00:00+00:00,2227.0,2186.0,2227.0,2168.0,366896
2023-11-22 00:00:00+00:00,2181.5,2204.0,2225.0,2175.5,241548
2023-11-23 00:00:00+00:00,2203.0,2180.0,2221.5,2171.0,218983
2023-11-24 00:00:00+00:00,2188.5,2179.0,2199.5,2159.0,119998
2023-11-27 00:00:00+00:00,2183.0,2140.5,2194.0,2122.0,212792
2023-11-28 00:00:00+00:00,2145.0,2151.0,2165.0,2117.0,145013
2023-11-29 00:00:00+00:00,2158.5,2149.5,2193.0,2135.0,177414
2023-11-30 00:00:00+00:00,2150.0,2122.5,2154.0,2110.5,200534
2023-12-01 00:00:00+00:00,2115.0,2074.0,2139.0,2066.0,171631
2023-12-04 00:00:00+00:00,2060.0,2031.5,2078.5,2002.5,307609
2023-12-05 00:00:00+00:00,2031.5,2065.0,2075.5,2028.5,184420
2023-12-06 00:00:00+00:00,2070.5,2008.0,2090.0,2002.0,226580
2023-12-07 00:00:00+00:00,2007.5,2012.5,2035.0,1971.0,315376
2023-12-08 00:00:00+00:00,2015.0,2003.0,2039.5,1986.5,131429
2023-12-11 00:00:00+00:00,2005.0,1900.0,2005.0,1882.0,385790
2023-12-12 00:00:00+00:00,1907.5,1919.0,1975.0,1883.5,382727
2023-12-13 00:00:00+00:00,1910.0,1926.5,1940.0,1880.5,325230
2023-12-14 00:00:00+00:00,1930.0,1892.0,1947.5,1888.0,148125
2023-12-15 00:00:00+00:00,1892.0,1954.0,1969.5,1845.5,504803
2023-12-18 00:00:00+00:00,1972.5,2040.0,2059.5,1960.0,724210
2023-12-19 00:00:00+00:00,2040.0,2020.5,2045.0,2004.0,286169
2023-12-20 00:00:00+00:00,2021.0,2019.5,2034.5,2010.0,281462
2023-12-21 00:00:00+00:00,2020.0,1994.0,2023.5,1965.0,379744
2023-12-22 00:00:00+00:00,1994.0,1995.0,2026.0,1979.0,227001
2023-12-25 00:00:00+00:00,1999.5,2023.0,2036.5,1986.5,476351
2023-12-26 00:00:00+00:00,2031.5,2019.5,2033.5,1999.5,277907
2023-12-27 00:00:00+00:00,2021.5,2080.5,2097.0,2020.5,830712
2023-12-28 00:00:00+00:00,2090.0,2107.0,2150.0,2060.0,808783
2023-12-29 00:00:00+00:00,2123.5,2204.0,2210.5,2081.5,960951
2024-01-03 00:00:00+00:00,2212.5,2222.5,2238.0,2205.0,243550
2024-01-04 00:00:00+00:00,2220.0,2208.0,2225.0,2202.5,121831
2024-01-05 00:00:00+00:00,2214.0,2203.0,2217.5,2184.0,119883
2024-01-08 00:00:00+00:00,2201.5,2259.0,2260.0,2201.5,262148
2024-01-09 00:00:00+00:00,2257.0,2235.5,2258.5,2195.5,309876
2024-01-10 00:00:00+00:00,2234.0,2230.0,2250.0,2217.5,175807
2024-01-11 00:00:00+00:00,2230.0,2316.5,2342.5,2225.0,536841
2024-01-12 00:00:00+00:00,2325.0,2306.5,2377.0,2290.0,403215
2024-01-15 00:00:00+00:00,2312.0,2326.0,2336.0,2293.0,218122
2024-01-16 00:00:00+00:00,2326.0,2267.5,2330.0,2261.0,252297
2024-01-17 00:00:00+00:00,2267.5,2256.5,2295.0,2245.5,191245
2024-01-18 00:00:00+00:00,2255.0,2234.0,2289.0,2213.5,265422
2024-01-19 00:00:00+00:00,2227.0,2209.0,2234.0,2186.0,282718
2024-01-22 00:00:00+00:00,2249.0,2308.5,2319.0,2217.5,512222
2024-01-23 00:00:00+00:00,2320.0,2296.0,2324.5,2277.5,333215
2024-01-24 00:00:00+00:00,2301.0,2318.0,2330.0,2287.0,425476
2024-01-25 00:00:00+00:00,2324.5,2272.0,2325.0,2251.5,337778
2024-01-26 00:00:00+00:00,2270.5,2260.0,2277.0,2240.0,247846
2024-01-29 00:00:00+00:00,2265.0,2295.5,2300.0,2261.0,231538
2024-01-30 00:00:00+00:00,2296.0,2402.5,2404.0,2289.5,768294
2024-01-31 00:00:00+00:00,2407.0,2379.0,2443.5,2358.5,654408
2024-02-01 00:00:00+00:00,2386.5,2405.5,2428.0,2375.0,391019
