ticker,stage,model,rmse,mape,da,time,load_time,predictions,actual,features_count,features,valid_predictions,total_predictions,model_key,experiment_id
AFLT,1,amazon/chronos-t5-tiny,1.3919569044733227,1.670273837447924,44.44444444444444,0.05533354282379151,4.7523698806762695,"[71.5435791015625, 70.89796447753906, 72.38241577148438, 73.87883758544922, 72.26728057861328, 72.28063201904297, 74.3955078125, 73.8819351196289, 74.97057342529297, 72.86372375488281]","[70.18, 72.45, 73.49, 72.73, 72.17, 74.54, 74.31, 74.87, 73.5, 70.79]",1,['close'],10,10,chronos-t5-tiny,1
AFLT,1,amazon/chronos-t5-mini,1.5361401718435186,1.8588748242069206,33.33333333333333,0.02810351848602295,1.3084330558776855,"[71.5435791015625, 71.42313385009766, 71.85790252685547, 72.30694580078125, 72.79095458984375, 72.80440521240234, 74.91941833496094, 73.8819351196289, 76.01912689208984, 73.38792419433594]","[70.18, 72.45, 73.49, 72.73, 72.17, 74.54, 74.31, 74.87, 73.5, 70.79]",1,['close'],10,10,chronos-t5-mini,2
AFLT,1,amazon/chronos-t5-small,1.3227297191739718,1.5304651093763504,44.44444444444444,0.04843590259552002,1.3468694686889648,"[71.01751708984375, 70.37279510498047, 72.90692138671875, 73.35487365722656, 72.79095458984375, 73.32817840576172, 74.3955078125, 73.8819351196289, 74.97057342529297, 73.38792419433594]","[70.18, 72.45, 73.49, 72.73, 72.17, 74.54, 74.31, 74.87, 73.5, 70.79]",1,['close'],10,10,chronos-t5-small,3
AFLT,1,amazon/chronos-t5-base,1.420130991626793,1.604004345785772,44.44444444444444,0.16701595783233641,1.5869457721710205,"[71.5435791015625, 70.89796447753906, 72.90692138671875, 72.8309097290039, 73.31462860107422, 72.28063201904297, 74.3955078125, 74.40592193603516, 74.97057342529297, 73.38792419433594]","[70.18, 72.45, 73.49, 72.73, 72.17, 74.54, 74.31, 74.87, 73.5, 70.79]",1,['close'],10,10,chronos-t5-base,4
AFLT,1,amazon/chronos-t5-large,1.527156875911367,1.8103675979779306,55.55555555555556,0.542223858833313,1.8457465171813965,"[71.01751708984375, 70.37279510498047, 71.85790252685547, 73.87883758544922, 72.79095458984375, 72.80440521240234, 73.87159729003906, 74.92990112304688, 75.4948501586914, 73.38792419433594]","[70.18, 72.45, 73.49, 72.73, 72.17, 74.54, 74.31, 74.87, 73.5, 70.79]",1,['close'],10,10,chronos-t5-large,5
AFLT,6,amazon/chronos-t5-tiny,1.880355214726851,2.0032955998053446,44.44444444444444,0.014436554908752442,1.2099289894104004,"[70.49146270751953, 68.79728698730469, 72.38241577148438, 73.35487365722656, 72.26728057861328, 71.7568588256836, 73.3476791381836, 73.8819351196289, 74.44630432128906, 73.91212463378906]","[70.18, 72.45, 73.49, 72.73, 72.17, 74.54, 74.31, 74.87, 73.5, 70.79]",20,"['close', 'anomaly', 'weighted_score_with_decay', 'open', 'high', 'low', 'volume', 'EMA_14', 'RSI_14', 'MACD', 'return', 'ATR_14', 'VWAP', 'value__mean', 'value__maximum', 'value__minimum', 'value__standard_deviation', 'value__partial_autocorrelation__lag_3', 'value__autocorrelation__lag_5', 'value__longest_strike_above_mean']",10,10,chronos-t5-tiny,6
AFLT,6,amazon/chronos-t5-mini,1.4648055927621066,1.8680210329698212,44.44444444444444,0.017967844009399415,1.2283844947814941,"[72.06963348388672, 70.37279510498047, 72.38241577148438, 73.35487365722656, 73.31462860107422, 72.80440521240234, 73.87159729003906, 73.8819351196289, 74.97057342529297, 72.86372375488281]","[70.18, 72.45, 73.49, 72.73, 72.17, 74.54, 74.31, 74.87, 73.5, 70.79]",20,"['close', 'anomaly', 'weighted_score_with_decay', 'open', 'high', 'low', 'volume', 'EMA_14', 'RSI_14', 'MACD', 'return', 'ATR_14', 'VWAP', 'value__mean', 'value__maximum', 'value__minimum', 'value__standard_deviation', 'value__partial_autocorrelation__lag_3', 'value__autocorrelation__lag_5', 'value__longest_strike_above_mean']",10,10,chronos-t5-mini,7
AFLT,6,amazon/chronos-t5-small,1.707327740803256,2.029843267313244,22.22222222222222,0.02967696189880371,1.5027101039886475,"[71.01751708984375, 70.37279510498047, 70.28437805175781, 73.35487365722656, 73.31462860107422, 72.80440521240234, 75.4433364868164, 74.40592193603516, 74.44630432128906, 73.38792419433594]","[70.18, 72.45, 73.49, 72.73, 72.17, 74.54, 74.31, 74.87, 73.5, 70.79]",20,"['close', 'anomaly', 'weighted_score_with_decay', 'open', 'high', 'low', 'volume', 'EMA_14', 'RSI_14', 'MACD', 'return', 'ATR_14', 'VWAP', 'value__mean', 'value__maximum', 'value__minimum', 'value__standard_deviation', 'value__partial_autocorrelation__lag_3', 'value__autocorrelation__lag_5', 'value__longest_strike_above_mean']",10,10,chronos-t5-small,8
AFLT,6,amazon/chronos-t5-base,2.059540830773881,2.492945268558713,44.44444444444444,0.08521432876586914,1.4556992053985596,"[73.12174224853516, 70.37279510498047, 71.85790252685547, 74.9267578125, 72.79095458984375, 72.28063201904297, 74.91941833496094, 74.92990112304688, 76.01912689208984, 73.91212463378906]","[70.18, 72.45, 73.49, 72.73, 72.17, 74.54, 74.31, 74.87, 73.5, 70.79]",20,"['close', 'anomaly', 'weighted_score_with_decay', 'open', 'high', 'low', 'volume', 'EMA_14', 'RSI_14', 'MACD', 'return', 'ATR_14', 'VWAP', 'value__mean', 'value__maximum', 'value__minimum', 'value__standard_deviation', 'value__partial_autocorrelation__lag_3', 'value__autocorrelation__lag_5', 'value__longest_strike_above_mean']",10,10,chronos-t5-base,9
AFLT,6,amazon/chronos-t5-large,1.4678346928298716,1.644362563986321,55.55555555555556,0.298232889175415,1.8947796821594238,"[71.5435791015625, 70.37279510498047, 73.43143463134766, 73.35487365722656, 71.74360656738281, 71.7568588256836, 74.91941833496094, 74.40592193603516, 74.97057342529297, 72.86372375488281]","[70.18, 72.45, 73.49, 72.73, 72.17, 74.54, 74.31, 74.87, 73.5, 70.79]",20,"['close', 'anomaly', 'weighted_score_with_decay', 'open', 'high', 'low', 'volume', 'EMA_14', 'RSI_14', 'MACD', 'return', 'ATR_14', 'VWAP', 'value__mean', 'value__maximum', 'value__minimum', 'value__standard_deviation', 'value__partial_autocorrelation__lag_3', 'value__autocorrelation__lag_5', 'value__longest_strike_above_mean']",10,10,chronos-t5-large,10
LKOH,1,amazon/chronos-t5-tiny,90.65983072143794,1.203758936974386,66.66666666666666,0.013388681411743163,1.360813856124878,"[6712.52734375, 6640.46435546875, 6724.11328125, 6807.95263671875, 6741.048828125, 6674.35400390625, 6813.64501953125, 6953.11181640625, 6890.05517578125, 6829.20849609375]","[6629.5, 6732.5, 6764.0, 6743.0, 6683.5, 6856.5, 6904.0, 6914.0, 6827.0, 6725.0]",1,['close'],10,10,chronos-t5-tiny,11
LKOH,1,amazon/chronos-t5-mini,76.41518469839521,0.9325806378548647,66.66666666666666,0.0184128999710083,1.319577693939209,"[6712.52734375, 6691.9404296875, 6775.4423828125, 6705.57763671875, 6792.1171875, 6725.30322265625, 6813.64501953125, 6902.35888671875, 6839.39306640625, 6829.20849609375]","[6629.5, 6732.5, 6764.0, 6743.0, 6683.5, 6856.5, 6904.0, 6914.0, 6827.0, 6725.0]",1,['close'],10,10,chronos-t5-mini,12
LKOH,1,amazon/chronos-t5-small,83.87804287579951,1.0925292721757973,66.66666666666666,0.029236745834350587,1.2906129360198975,"[6712.52734375, 6588.98779296875, 6724.11328125, 6807.95263671875, 6741.048828125, 6725.30322265625, 6864.49267578125, 6902.35888671875, 6890.05517578125, 6829.20849609375]","[6629.5, 6732.5, 6764.0, 6743.0, 6683.5, 6856.5, 6904.0, 6914.0, 6827.0, 6725.0]",1,['close'],10,10,chronos-t5-small,13
LKOH,1,amazon/chronos-t5-base,91.80829821541761,1.2415090029002644,44.44444444444444,0.08502593040466308,1.4364550113677979,"[6764.16259765625, 6640.46435546875, 6724.11328125, 6756.76513671875, 6792.1171875, 6725.30322265625, 6813.64501953125, 6851.6064453125, 6890.05517578125, 6829.20849609375]","[6629.5, 6732.5, 6764.0, 6743.0, 6683.5, 6856.5, 6904.0, 6914.0, 6827.0, 6725.0]",1,['close'],10,10,chronos-t5-base,14
LKOH,1,amazon/chronos-t5-large,88.51704539776318,1.205910829790836,66.66666666666666,0.30942370891571047,1.6644010543823242,"[6712.52734375, 6588.98779296875, 6724.11328125, 6807.95263671875, 6741.048828125, 6725.30322265625, 6813.64501953125, 6953.11181640625, 6890.05517578125, 6829.20849609375]","[6629.5, 6732.5, 6764.0, 6743.0, 6683.5, 6856.5, 6904.0, 6914.0, 6827.0, 6725.0]",1,['close'],10,10,chronos-t5-large,15
LKOH,6,amazon/chronos-t5-tiny,89.94413719777798,1.0745972005915574,77.77777777777779,0.016941022872924805,1.196805477142334,"[6609.2578125, 6588.98779296875, 6621.45458984375, 6756.76513671875, 6741.048828125, 6776.25244140625, 6864.49267578125, 6902.35888671875, 6890.05517578125, 6879.794921875]","[6629.5, 6732.5, 6764.0, 6743.0, 6683.5, 6856.5, 6904.0, 6914.0, 6827.0, 6725.0]",20,"['close', 'anomaly', 'weighted_score_with_decay', 'open', 'high', 'low', 'volume', 'EMA_14', 'RSI_14', 'MACD', 'return', 'ATR_14', 'VWAP', 'value__mean', 'value__maximum', 'value__minimum', 'value__standard_deviation', 'value__partial_autocorrelation__lag_3', 'value__autocorrelation__lag_5', 'value__longest_strike_above_mean']",10,10,chronos-t5-tiny,16
LKOH,6,amazon/chronos-t5-mini,101.30780283836692,1.197672537735495,55.55555555555556,0.015493130683898926,1.1814799308776855,"[6712.52734375, 6640.46435546875, 6775.4423828125, 6705.57763671875, 6741.048828125, 6674.35400390625, 6864.49267578125, 6953.11181640625, 6890.05517578125, 6930.3818359375]","[6629.5, 6732.5, 6764.0, 6743.0, 6683.5, 6856.5, 6904.0, 6914.0, 6827.0, 6725.0]",20,"['close', 'anomaly', 'weighted_score_with_decay', 'open', 'high', 'low', 'volume', 'EMA_14', 'RSI_14', 'MACD', 'return', 'ATR_14', 'VWAP', 'value__mean', 'value__maximum', 'value__minimum', 'value__standard_deviation', 'value__partial_autocorrelation__lag_3', 'value__autocorrelation__lag_5', 'value__longest_strike_above_mean']",10,10,chronos-t5-mini,17
LKOH,6,amazon/chronos-t5-small,94.39988447206002,1.0817853916125881,44.44444444444444,0.027067399024963378,1.338287115097046,"[6712.52734375, 6588.98779296875, 6775.4423828125, 6807.95263671875, 6689.97998046875, 6674.35400390625, 6915.3408203125, 6902.35888671875, 6940.71728515625, 6829.20849609375]","[6629.5, 6732.5, 6764.0, 6743.0, 6683.5, 6856.5, 6904.0, 6914.0, 6827.0, 6725.0]",20,"['close', 'anomaly', 'weighted_score_with_decay', 'open', 'high', 'low', 'volume', 'EMA_14', 'RSI_14', 'MACD', 'return', 'ATR_14', 'VWAP', 'value__mean', 'value__maximum', 'value__minimum', 'value__standard_deviation', 'value__partial_autocorrelation__lag_3', 'value__autocorrelation__lag_5', 'value__longest_strike_above_mean']",10,10,chronos-t5-small,18
LKOH,6,amazon/chronos-t5-base,87.95412547182396,1.011800408465298,66.66666666666666,0.08865270614624024,1.273400068283081,"[6660.892578125, 6640.46435546875, 6724.11328125, 6756.76513671875, 6741.048828125, 6674.35400390625, 6864.49267578125, 6902.35888671875, 6890.05517578125, 6879.794921875]","[6629.5, 6732.5, 6764.0, 6743.0, 6683.5, 6856.5, 6904.0, 6914.0, 6827.0, 6725.0]",20,"['close', 'anomaly', 'weighted_score_with_decay', 'open', 'high', 'low', 'volume', 'EMA_14', 'RSI_14', 'MACD', 'return', 'ATR_14', 'VWAP', 'value__mean', 'value__maximum', 'value__minimum', 'value__standard_deviation', 'value__partial_autocorrelation__lag_3', 'value__autocorrelation__lag_5', 'value__longest_strike_above_mean']",10,10,chronos-t5-base,19
LKOH,6,amazon/chronos-t5-large,89.2512306957983,1.1299442086719358,66.66666666666666,0.30455451011657714,1.4851038455963135,"[6764.16259765625, 6691.9404296875, 6724.11328125, 6756.76513671875, 6741.048828125, 6725.30322265625, 6864.49267578125, 7003.8642578125, 6890.05517578125, 6879.794921875]","[6629.5, 6732.5, 6764.0, 6743.0, 6683.5, 6856.5, 6904.0, 6914.0, 6827.0, 6725.0]",20,"['close', 'anomaly', 'weighted_score_with_decay', 'open', 'high', 'low', 'volume', 'EMA_14', 'RSI_14', 'MACD', 'return', 'ATR_14', 'VWAP', 'value__mean', 'value__maximum', 'value__minimum', 'value__standard_deviation', 'value__partial_autocorrelation__lag_3', 'value__autocorrelation__lag_5', 'value__longest_strike_above_mean']",10,10,chronos-t5-large,20
MOEX,1,amazon/chronos-t5-tiny,4.750306320872146,1.798082501840877,33.33333333333333,0.015042686462402343,1.2031078338623047,"[195.02096557617188, 191.18893432617188, 196.55599975585938, 205.11691284179688, 203.23280334472656, 209.0989990234375, 207.3684844970703, 207.0857696533203, 208.3139190673828, 203.4266815185547]","[191.61, 197.45, 206.39, 205.01, 209.57, 208.02, 207.16, 207.87, 203.68, 199.6]",1,['close'],10,10,chronos-t5-tiny,21
MOEX,1,amazon/chronos-t5-mini,5.6291266541562495,2.387608303093702,44.44444444444444,0.019272589683532716,1.217851161956787,"[198.0681610107422, 191.18893432617188, 195.04403686523438, 202.10049438476562, 206.24366760253906, 210.6033172607422, 208.87115478515625, 205.5851593017578, 211.3112335205078, 203.4266815185547]","[191.61, 197.45, 206.39, 205.01, 209.57, 208.02, 207.16, 207.87, 203.68, 199.6]",1,['close'],10,10,chronos-t5-mini,22
MOEX,1,amazon/chronos-t5-small,4.337636448164206,1.862090843361413,44.44444444444444,0.02943425178527832,1.2502219676971436,"[195.02096557617188, 192.706298828125, 198.06797790527344, 206.6251220703125, 203.23280334472656, 210.6033172607422, 210.3738250732422, 208.58639526367188, 206.8152618408203, 203.4266815185547]","[191.61, 197.45, 206.39, 205.01, 209.57, 208.02, 207.16, 207.87, 203.68, 199.6]",1,['close'],10,10,chronos-t5-small,23
MOEX,1,amazon/chronos-t5-base,4.886128306523225,2.0764341270209172,55.55555555555556,0.08843603134155273,1.2885963916778564,"[196.5445556640625, 191.18893432617188, 196.55599975585938, 206.6251220703125, 206.24366760253906, 210.6033172607422, 204.36314392089844, 208.58639526367188, 208.3139190673828, 204.92247009277344]","[191.61, 197.45, 206.39, 205.01, 209.57, 208.02, 207.16, 207.87, 203.68, 199.6]",1,['close'],10,10,chronos-t5-base,24
MOEX,1,amazon/chronos-t5-large,4.778739880911661,1.8916473760977677,44.44444444444444,0.314481520652771,1.662410020828247,"[193.4973602294922, 189.67156982421875, 198.06797790527344, 206.6251220703125, 203.23280334472656, 207.59469604492188, 205.86581420898438, 207.0857696533203, 208.3139190673828, 204.92247009277344]","[191.61, 197.45, 206.39, 205.01, 209.57, 208.02, 207.16, 207.87, 203.68, 199.6]",1,['close'],10,10,chronos-t5-large,25
MOEX,6,amazon/chronos-t5-tiny,4.444418369781111,1.6570866510205395,66.66666666666666,0.013090252876281738,1.2120108604431152,"[196.5445556640625, 191.18893432617188, 196.55599975585938, 205.11691284179688, 206.24366760253906, 209.0989990234375, 207.3684844970703, 208.58639526367188, 206.8152618408203, 203.4266815185547]","[191.61, 197.45, 206.39, 205.01, 209.57, 208.02, 207.16, 207.87, 203.68, 199.6]",20,"['close', 'anomaly', 'weighted_score_with_decay', 'open', 'high', 'low', 'volume', 'EMA_14', 'RSI_14', 'MACD', 'return', 'ATR_14', 'VWAP', 'value__mean', 'value__maximum', 'value__minimum', 'value__standard_deviation', 'value__partial_autocorrelation__lag_3', 'value__autocorrelation__lag_5', 'value__longest_strike_above_mean']",10,10,chronos-t5-tiny,26
MOEX,6,amazon/chronos-t5-mini,5.187641208003054,2.0861506492908117,33.33333333333333,0.017648530006408692,1.2263169288635254,"[195.02096557617188, 194.2236785888672, 195.04403686523438, 208.13333129882812, 203.23280334472656, 209.0989990234375, 210.3738250732422, 207.0857696533203, 206.8152618408203, 206.41824340820312]","[191.61, 197.45, 206.39, 205.01, 209.57, 208.02, 207.16, 207.87, 203.68, 199.6]",20,"['close', 'anomaly', 'weighted_score_with_decay', 'open', 'high', 'low', 'volume', 'EMA_14', 'RSI_14', 'MACD', 'return', 'ATR_14', 'VWAP', 'value__mean', 'value__maximum', 'value__minimum', 'value__standard_deviation', 'value__partial_autocorrelation__lag_3', 'value__autocorrelation__lag_5', 'value__longest_strike_above_mean']",10,10,chronos-t5-mini,27
MOEX,6,amazon/chronos-t5-small,5.234064388693518,2.086714538855321,33.33333333333333,0.029409909248352052,1.2824921607971191,"[193.4973602294922, 191.18893432617188, 198.06797790527344, 214.1661834716797, 203.23280334472656, 209.0989990234375, 207.3684844970703, 207.0857696533203, 208.3139190673828, 203.4266815185547]","[191.61, 197.45, 206.39, 205.01, 209.57, 208.02, 207.16, 207.87, 203.68, 199.6]",20,"['close', 'anomaly', 'weighted_score_with_decay', 'open', 'high', 'low', 'volume', 'EMA_14', 'RSI_14', 'MACD', 'return', 'ATR_14', 'VWAP', 'value__mean', 'value__maximum', 'value__minimum', 'value__standard_deviation', 'value__partial_autocorrelation__lag_3', 'value__autocorrelation__lag_5', 'value__longest_strike_above_mean']",10,10,chronos-t5-small,28
MOEX,6,amazon/chronos-t5-base,4.56367403486394,1.943932899810961,33.33333333333333,0.09090490341186523,1.3399066925048828,"[195.02096557617188, 191.18893432617188, 199.57994079589844, 205.11691284179688, 204.7382354736328, 210.6033172607422, 208.87115478515625, 205.5851593017578, 211.3112335205078, 203.4266815185547]","[191.61, 197.45, 206.39, 205.01, 209.57, 208.02, 207.16, 207.87, 203.68, 199.6]",20,"['close', 'anomaly', 'weighted_score_with_decay', 'open', 'high', 'low', 'volume', 'EMA_14', 'RSI_14', 'MACD', 'return', 'ATR_14', 'VWAP', 'value__mean', 'value__maximum', 'value__minimum', 'value__standard_deviation', 'value__partial_autocorrelation__lag_3', 'value__autocorrelation__lag_5', 'value__longest_strike_above_mean']",10,10,chronos-t5-base,29
MOEX,6,amazon/chronos-t5-large,4.502881328036398,1.8953330344130417,55.55555555555556,0.314945650100708,2.0889437198638916,"[195.02096557617188, 191.18893432617188, 199.57994079589844, 208.13333129882812, 207.74908447265625, 206.09039306640625, 205.86581420898438, 208.58639526367188, 211.3112335205078, 204.92247009277344]","[191.61, 197.45, 206.39, 205.01, 209.57, 208.02, 207.16, 207.87, 203.68, 199.6]",20,"['close', 'anomaly', 'weighted_score_with_decay', 'open', 'high', 'low', 'volume', 'EMA_14', 'RSI_14', 'MACD', 'return', 'ATR_14', 'VWAP', 'value__mean', 'value__maximum', 'value__minimum', 'value__standard_deviation', 'value__partial_autocorrelation__lag_3', 'value__autocorrelation__lag_5', 'value__longest_strike_above_mean']",10,10,chronos-t5-large,30
NVTK,1,amazon/chronos-t5-tiny,35.71561107836657,2.677229092148819,44.44444444444444,0.014066290855407716,1.1322803497314453,"[1162.5328369140625, 1178.9857177734375, 1222.5775146484375, 1192.8271484375, 1217.842529296875, 1243.2261962890625, 1224.582275390625, 1260.488525390625, 1315.1390380859375, 1242.7325439453125]","[1190.2, 1219.8, 1193.0, 1237.0, 1244.8, 1235.4, 1249.0, 1314.6, 1266.2, 1214.6]",1,['close'],10,10,chronos-t5-tiny,31
NVTK,1,amazon/chronos-t5-mini,42.21221605867711,2.7365438560923923,44.44444444444444,0.01878509521484375,1.183074951171875,"[1171.6151123046875, 1206.193115234375, 1222.5775146484375, 1192.8271484375, 1253.9267578125, 1252.235107421875, 1242.5908203125, 1233.4781494140625, 1324.1468505859375, 1278.7537841796875]","[1190.2, 1219.8, 1193.0, 1237.0, 1244.8, 1235.4, 1249.0, 1314.6, 1266.2, 1214.6]",1,['close'],10,10,chronos-t5-mini,32
NVTK,1,amazon/chronos-t5-small,44.87490930731316,2.9647635753452852,44.44444444444444,0.030317044258117674,1.2463057041168213,"[1180.6973876953125, 1188.0548095703125, 1231.6336669921875, 1192.8271484375, 1235.8846435546875, 1243.2261962890625, 1233.5865478515625, 1251.485107421875, 1333.154541015625, 1296.7645263671875]","[1190.2, 1219.8, 1193.0, 1237.0, 1244.8, 1235.4, 1249.0, 1314.6, 1266.2, 1214.6]",1,['close'],10,10,chronos-t5-small,33
NVTK,1,amazon/chronos-t5-base,39.5878473917801,2.698377729392564,44.44444444444444,0.08375208377838135,1.7850773334503174,"[1171.6151123046875, 1169.9166259765625, 1222.5775146484375, 1192.8271484375, 1235.8846435546875, 1234.21728515625, 1233.5865478515625, 1251.485107421875, 1306.1312255859375, 1278.7537841796875]","[1190.2, 1219.8, 1193.0, 1237.0, 1244.8, 1235.4, 1249.0, 1314.6, 1266.2, 1214.6]",1,['close'],10,10,chronos-t5-base,34
NVTK,1,amazon/chronos-t5-large,43.60050660906176,3.2745838419960274,44.44444444444444,0.31289651393890383,2.123555898666382,"[1144.3682861328125, 1178.9857177734375, 1231.6336669921875, 1183.79052734375, 1235.8846435546875, 1261.2440185546875, 1215.5780029296875, 1251.485107421875, 1297.1234130859375, 1278.7537841796875]","[1190.2, 1219.8, 1193.0, 1237.0, 1244.8, 1235.4, 1249.0, 1314.6, 1266.2, 1214.6]",1,['close'],10,10,chronos-t5-large,35
NVTK,6,amazon/chronos-t5-tiny,41.35354020333526,2.8312067015906988,44.44444444444444,0.014964818954467773,1.1551601886749268,"[1162.5328369140625, 1188.0548095703125, 1204.46533203125, 1192.8271484375, 1208.821533203125, 1234.21728515625, 1233.5865478515625, 1242.4815673828125, 1315.1390380859375, 1278.7537841796875]","[1190.2, 1219.8, 1193.0, 1237.0, 1244.8, 1235.4, 1249.0, 1314.6, 1266.2, 1214.6]",20,"['close', 'anomaly', 'weighted_score_with_decay', 'open', 'high', 'low', 'volume', 'EMA_14', 'RSI_14', 'MACD', 'return', 'ATR_14', 'VWAP', 'value__mean', 'value__maximum', 'value__minimum', 'value__standard_deviation', 'value__partial_autocorrelation__lag_3', 'value__autocorrelation__lag_5', 'value__longest_strike_above_mean']",10,10,chronos-t5-tiny,36
NVTK,6,amazon/chronos-t5-mini,38.48862314340807,2.748310447071044,33.33333333333333,0.0183276891708374,1.2329952716827393,"[1171.6151123046875, 1169.9166259765625, 1222.5775146484375, 1192.8271484375, 1226.8636474609375, 1252.235107421875, 1242.5908203125, 1251.485107421875, 1315.1390380859375, 1260.7431640625]","[1190.2, 1219.8, 1193.0, 1237.0, 1244.8, 1235.4, 1249.0, 1314.6, 1266.2, 1214.6]",20,"['close', 'anomaly', 'weighted_score_with_decay', 'open', 'high', 'low', 'volume', 'EMA_14', 'RSI_14', 'MACD', 'return', 'ATR_14', 'VWAP', 'value__mean', 'value__maximum', 'value__minimum', 'value__standard_deviation', 'value__partial_autocorrelation__lag_3', 'value__autocorrelation__lag_5', 'value__longest_strike_above_mean']",10,10,chronos-t5-mini,37
NVTK,6,amazon/chronos-t5-small,38.52496103146841,2.6833560589565693,44.44444444444444,0.033921217918395995,1.244107723236084,"[1171.6151123046875, 1188.0548095703125, 1213.5213623046875, 1174.75390625, 1217.842529296875, 1270.2528076171875, 1242.5908203125, 1260.488525390625, 1279.107666015625, 1278.7537841796875]","[1190.2, 1219.8, 1193.0, 1237.0, 1244.8, 1235.4, 1249.0, 1314.6, 1266.2, 1214.6]",20,"['close', 'anomaly', 'weighted_score_with_decay', 'open', 'high', 'low', 'volume', 'EMA_14', 'RSI_14', 'MACD', 'return', 'ATR_14', 'VWAP', 'value__mean', 'value__maximum', 'value__minimum', 'value__standard_deviation', 'value__partial_autocorrelation__lag_3', 'value__autocorrelation__lag_5', 'value__longest_strike_above_mean']",10,10,chronos-t5-small,38
NVTK,6,amazon/chronos-t5-base,39.912926543368656,2.7678661551323387,44.44444444444444,0.0846219778060913,1.3114898204803467,"[1153.4505615234375, 1206.193115234375, 1213.5213623046875, 1165.7174072265625, 1226.8636474609375, 1234.21728515625, 1215.5780029296875, 1260.488525390625, 1315.1390380859375, 1260.7431640625]","[1190.2, 1219.8, 1193.0, 1237.0, 1244.8, 1235.4, 1249.0, 1314.6, 1266.2, 1214.6]",20,"['close', 'anomaly', 'weighted_score_with_decay', 'open', 'high', 'low', 'volume', 'EMA_14', 'RSI_14', 'MACD', 'return', 'ATR_14', 'VWAP', 'value__mean', 'value__maximum', 'value__minimum', 'value__standard_deviation', 'value__partial_autocorrelation__lag_3', 'value__autocorrelation__lag_5', 'value__longest_strike_above_mean']",10,10,chronos-t5-base,39
NVTK,6,amazon/chronos-t5-large,39.15215659488649,2.8510404226400783,66.66666666666666,0.3124974250793457,1.5144128799438477,"[1162.5328369140625, 1178.9857177734375, 1240.6898193359375, 1192.8271484375, 1244.90576171875, 1216.1995849609375, 1224.582275390625, 1251.485107421875, 1306.1312255859375, 1260.7431640625]","[1190.2, 1219.8, 1193.0, 1237.0, 1244.8, 1235.4, 1249.0, 1314.6, 1266.2, 1214.6]",20,"['close', 'anomaly', 'weighted_score_with_decay', 'open', 'high', 'low', 'volume', 'EMA_14', 'RSI_14', 'MACD', 'return', 'ATR_14', 'VWAP', 'value__mean', 'value__maximum', 'value__minimum', 'value__standard_deviation', 'value__partial_autocorrelation__lag_3', 'value__autocorrelation__lag_5', 'value__longest_strike_above_mean']",10,10,chronos-t5-large,40
PIKK,1,amazon/chronos-t5-tiny,17.046875367810706,2.694703902683223,55.55555555555556,0.012770795822143554,1.1759746074676514,"[436.22113037109375, 427.8913269042969, 452.5625915527344, 473.35418701171875, 470.0500793457031, 499.6205749511719, 512.8280029296875, 514.0145874023438, 519.1741943359375, 497.0243835449219]","[433.2, 450.0, 478.2, 471.4, 504.6, 511.6, 514.2, 516.0, 503.7, 484.2]",1,['close'],10,10,chronos-t5-tiny,41
PIKK,1,amazon/chronos-t5-mini,18.89231231466949,3.110849997230987,55.55555555555556,0.02036902904510498,1.2222139835357666,"[427.9121398925781, 427.8913269042969, 448.4854431152344, 461.2169189453125, 470.0500793457031, 511.6114807128906, 520.77880859375, 517.9685668945312, 527.0404663085938, 500.9379577636719]","[433.2, 450.0, 478.2, 471.4, 504.6, 511.6, 514.2, 516.0, 503.7, 484.2]",1,['close'],10,10,chronos-t5-mini,42
PIKK,1,amazon/chronos-t5-small,17.494400018322384,2.7782746922066606,88.88888888888889,0.028250980377197265,1.2365667819976807,"[436.22113037109375, 440.2343444824219, 440.3311767578125, 477.39996337890625, 482.1026306152344, 511.6114807128906, 516.8034057617188, 533.784423828125, 523.1072998046875, 500.9379577636719]","[433.2, 450.0, 478.2, 471.4, 504.6, 511.6, 514.2, 516.0, 503.7, 484.2]",1,['close'],10,10,chronos-t5-small,43
PIKK,1,amazon/chronos-t5-base,20.91691917394874,3.277223595833746,44.44444444444444,0.08249919414520264,1.3528013229370117,"[440.3756103515625, 440.2343444824219, 440.3311767578125, 469.3084411621094, 466.0325622558594, 499.6205749511719, 516.8034057617188, 514.0145874023438, 527.0404663085938, 508.7651062011719]","[433.2, 450.0, 478.2, 471.4, 504.6, 511.6, 514.2, 516.0, 503.7, 484.2]",1,['close'],10,10,chronos-t5-base,44
PIKK,1,amazon/chronos-t5-large,22.45682861212798,3.2728560804320903,55.55555555555556,0.3298134088516235,2.275256633758545,"[432.0666198730469, 427.8913269042969, 428.0997619628906, 489.5372314453125, 466.0325622558594, 515.6084594726562, 508.8525695800781, 514.0145874023438, 507.374755859375, 497.0243835449219]","[433.2, 450.0, 478.2, 471.4, 504.6, 511.6, 514.2, 516.0, 503.7, 484.2]",1,['close'],10,10,chronos-t5-large,45
PIKK,6,amazon/chronos-t5-tiny,17.031419093775394,2.8200924696489236,77.77777777777779,0.013759851455688477,1.2289183139801025,"[452.8390808105469, 436.1200256347656, 448.4854431152344, 473.35418701171875, 474.0675964355469, 511.6114807128906, 512.8280029296875, 525.8765258789062, 519.1741943359375, 497.0243835449219]","[433.2, 450.0, 478.2, 471.4, 504.6, 511.6, 514.2, 516.0, 503.7, 484.2]",20,"['close', 'anomaly', 'weighted_score_with_decay', 'open', 'high', 'low', 'volume', 'EMA_14', 'RSI_14', 'MACD', 'return', 'ATR_14', 'VWAP', 'value__mean', 'value__maximum', 'value__minimum', 'value__standard_deviation', 'value__partial_autocorrelation__lag_3', 'value__autocorrelation__lag_5', 'value__longest_strike_above_mean']",10,10,chronos-t5-tiny,46
PIKK,6,amazon/chronos-t5-mini,18.000500427666054,2.974499227057282,44.44444444444444,0.019143271446228027,1.220710039138794,"[440.3756103515625, 432.00567626953125, 444.4082946777344, 485.4914855957031, 474.0675964355469, 511.6114807128906, 508.8525695800781, 514.0145874023438, 515.2410278320312, 504.8515319824219]","[433.2, 450.0, 478.2, 471.4, 504.6, 511.6, 514.2, 516.0, 503.7, 484.2]",20,"['close', 'anomaly', 'weighted_score_with_decay', 'open', 'high', 'low', 'volume', 'EMA_14', 'RSI_14', 'MACD', 'return', 'ATR_14', 'VWAP', 'value__mean', 'value__maximum', 'value__minimum', 'value__standard_deviation', 'value__partial_autocorrelation__lag_3', 'value__autocorrelation__lag_5', 'value__longest_strike_above_mean']",10,10,chronos-t5-mini,47
PIKK,6,amazon/chronos-t5-small,19.894066738947764,3.4544979968513827,44.44444444444444,0.028720712661743163,1.3480653762817383,"[440.3756103515625, 427.8913269042969, 452.5625915527344, 489.5372314453125, 466.0325622558594, 503.6175537109375, 512.8280029296875, 510.0606384277344, 519.1741943359375, 508.7651062011719]","[433.2, 450.0, 478.2, 471.4, 504.6, 511.6, 514.2, 516.0, 503.7, 484.2]",20,"['close', 'anomaly', 'weighted_score_with_decay', 'open', 'high', 'low', 'volume', 'EMA_14', 'RSI_14', 'MACD', 'return', 'ATR_14', 'VWAP', 'value__mean', 'value__maximum', 'value__minimum', 'value__standard_deviation', 'value__partial_autocorrelation__lag_3', 'value__autocorrelation__lag_5', 'value__longest_strike_above_mean']",10,10,chronos-t5-small,48
PIKK,6,amazon/chronos-t5-base,19.593408151799284,3.3329887668947102,44.44444444444444,0.08446621894836426,1.5351624488830566,"[448.6845703125, 423.7769775390625, 452.5625915527344, 481.4457092285156, 470.0500793457031, 511.6114807128906, 504.8771667480469, 517.9685668945312, 511.3078918457031, 512.6787109375]","[433.2, 450.0, 478.2, 471.4, 504.6, 511.6, 514.2, 516.0, 503.7, 484.2]",20,"['close', 'anomaly', 'weighted_score_with_decay', 'open', 'high', 'low', 'volume', 'EMA_14', 'RSI_14', 'MACD', 'return', 'ATR_14', 'VWAP', 'value__mean', 'value__maximum', 'value__minimum', 'value__standard_deviation', 'value__partial_autocorrelation__lag_3', 'value__autocorrelation__lag_5', 'value__longest_strike_above_mean']",10,10,chronos-t5-base,49
PIKK,6,amazon/chronos-t5-large,21.29403389774512,3.212784508728091,66.66666666666666,0.28936765193939207,1.5217773914337158,"[432.0666198730469, 432.00567626953125, 440.3311767578125, 469.3084411621094, 457.9975280761719, 503.6175537109375, 504.8771667480469, 521.9225463867188, 515.2410278320312, 500.9379577636719]","[433.2, 450.0, 478.2, 471.4, 504.6, 511.6, 514.2, 516.0, 503.7, 484.2]",20,"['close', 'anomaly', 'weighted_score_with_decay', 'open', 'high', 'low', 'volume', 'EMA_14', 'RSI_14', 'MACD', 'return', 'ATR_14', 'VWAP', 'value__mean', 'value__maximum', 'value__minimum', 'value__standard_deviation', 'value__partial_autocorrelation__lag_3', 'value__autocorrelation__lag_5', 'value__longest_strike_above_mean']",10,10,chronos-t5-large,50
SBER,1,amazon/chronos-t5-tiny,5.103624177159895,1.4005704385041464,44.44444444444444,0.015013623237609863,1.6899456977844238,"[305.5600280761719, 298.48468017578125, 307.3719787597656, 311.7966003417969, 311.7922058105469, 309.59429931640625, 316.51861572265625, 316.6719665527344, 319.15594482421875, 314.8068542480469]","[300.01, 308.12, 312.25, 310.0, 310.16, 316.69, 317.58, 318.18, 314.23, 309.41]",1,['close'],10,10,chronos-t5-tiny,51
SBER,1,amazon/chronos-t5-mini,4.653658509590363,1.2568335431574928,55.55555555555556,0.01810743808746338,1.2142722606658936,"[305.5600280761719, 298.48468017578125, 309.6320495605469, 311.7966003417969, 311.7922058105469, 311.8540954589844, 316.51861572265625, 316.6719665527344, 319.15594482421875, 314.8068542480469]","[300.01, 308.12, 312.25, 310.0, 310.16, 316.69, 317.58, 318.18, 314.23, 309.41]",1,['close'],10,10,chronos-t5-mini,52
SBER,1,amazon/chronos-t5-small,5.078647890789457,1.3959618208434883,44.44444444444444,0.02543191909790039,1.5201404094696045,"[303.296630859375, 303.0071716308594, 305.11187744140625, 311.7966003417969, 311.7922058105469, 309.59429931640625, 316.51861572265625, 316.6719665527344, 321.4194641113281, 317.0716552734375]","[300.01, 308.12, 312.25, 310.0, 310.16, 316.69, 317.58, 318.18, 314.23, 309.41]",1,['close'],10,10,chronos-t5-small,53
SBER,1,amazon/chronos-t5-base,5.239018564282343,1.511948428953259,44.44444444444444,0.09072372913360596,1.3337688446044922,"[305.5600280761719, 300.7459411621094, 307.3719787597656, 314.0559997558594, 309.5328369140625, 309.59429931640625, 316.51861572265625, 314.4100341796875, 319.15594482421875, 317.0716552734375]","[300.01, 308.12, 312.25, 310.0, 310.16, 316.69, 317.58, 318.18, 314.23, 309.41]",1,['close'],10,10,chronos-t5-base,54
SBER,1,amazon/chronos-t5-large,5.3114512535455365,1.418513306114747,55.55555555555556,0.3061146974563599,1.8542957305908203,"[305.5600280761719, 298.48468017578125, 307.3719787597656, 314.0559997558594, 309.5328369140625, 309.59429931640625, 316.51861572265625, 318.9339294433594, 316.8924255371094, 317.0716552734375]","[300.01, 308.12, 312.25, 310.0, 310.16, 316.69, 317.58, 318.18, 314.23, 309.41]",1,['close'],10,10,chronos-t5-large,55
SBER,6,amazon/chronos-t5-tiny,5.08688551222064,1.3768698915211097,44.44444444444444,0.015430402755737305,1.2165265083312988,"[305.5600280761719, 298.48468017578125, 307.3719787597656, 311.7966003417969, 311.7922058105469, 309.59429931640625, 316.51861572265625, 318.9339294433594, 319.15594482421875, 314.8068542480469]","[300.01, 308.12, 312.25, 310.0, 310.16, 316.69, 317.58, 318.18, 314.23, 309.41]",20,"['close', 'anomaly', 'weighted_score_with_decay', 'open', 'high', 'low', 'volume', 'EMA_14', 'RSI_14', 'MACD', 'return', 'ATR_14', 'VWAP', 'value__mean', 'value__maximum', 'value__minimum', 'value__standard_deviation', 'value__partial_autocorrelation__lag_3', 'value__autocorrelation__lag_5', 'value__longest_strike_above_mean']",10,10,chronos-t5-tiny,56
SBER,6,amazon/chronos-t5-mini,4.538686556097803,1.2963045851969799,55.55555555555556,0.017440414428710936,1.1777024269104004,"[305.5600280761719, 300.7459411621094, 307.3719787597656, 314.0559997558594, 309.5328369140625, 311.8540954589844, 316.51861572265625, 316.6719665527344, 319.15594482421875, 314.8068542480469]","[300.01, 308.12, 312.25, 310.0, 310.16, 316.69, 317.58, 318.18, 314.23, 309.41]",20,"['close', 'anomaly', 'weighted_score_with_decay', 'open', 'high', 'low', 'volume', 'EMA_14', 'RSI_14', 'MACD', 'return', 'ATR_14', 'VWAP', 'value__mean', 'value__maximum', 'value__minimum', 'value__standard_deviation', 'value__partial_autocorrelation__lag_3', 'value__autocorrelation__lag_5', 'value__longest_strike_above_mean']",10,10,chronos-t5-mini,57
SBER,6,amazon/chronos-t5-small,5.6010843019317695,1.471750768421773,44.44444444444444,0.03131735324859619,1.2311387062072754,"[307.82342529296875, 300.7459411621094, 307.3719787597656, 309.5372009277344, 309.5328369140625, 307.33447265625, 316.51861572265625, 316.6719665527344, 319.15594482421875, 317.0716552734375]","[300.01, 308.12, 312.25, 310.0, 310.16, 316.69, 317.58, 318.18, 314.23, 309.41]",20,"['close', 'anomaly', 'weighted_score_with_decay', 'open', 'high', 'low', 'volume', 'EMA_14', 'RSI_14', 'MACD', 'return', 'ATR_14', 'VWAP', 'value__mean', 'value__maximum', 'value__minimum', 'value__standard_deviation', 'value__partial_autocorrelation__lag_3', 'value__autocorrelation__lag_5', 'value__longest_strike_above_mean']",10,10,chronos-t5-small,58
SBER,6,amazon/chronos-t5-base,4.605975608216641,1.299746694085675,33.33333333333333,0.09625828266143799,1.2681708335876465,"[305.5600280761719, 303.0071716308594, 307.3719787597656, 311.7966003417969, 307.2734680175781, 309.59429931640625, 318.77947998046875, 316.6719665527344, 316.8924255371094, 317.0716552734375]","[300.01, 308.12, 312.25, 310.0, 310.16, 316.69, 317.58, 318.18, 314.23, 309.41]",20,"['close', 'anomaly', 'weighted_score_with_decay', 'open', 'high', 'low', 'volume', 'EMA_14', 'RSI_14', 'MACD', 'return', 'ATR_14', 'VWAP', 'value__mean', 'value__maximum', 'value__minimum', 'value__standard_deviation', 'value__partial_autocorrelation__lag_3', 'value__autocorrelation__lag_5', 'value__longest_strike_above_mean']",10,10,chronos-t5-base,59
SBER,6,amazon/chronos-t5-large,4.40582105010621,1.2232301609802019,55.55555555555556,0.3056012153625488,1.5296900272369385,"[305.5600280761719, 303.0071716308594, 307.3719787597656, 311.7966003417969, 309.5328369140625, 311.8540954589844, 316.51861572265625, 316.6719665527344, 319.15594482421875, 317.0716552734375]","[300.01, 308.12, 312.25, 310.0, 310.16, 316.69, 317.58, 318.18, 314.23, 309.41]",20,"['close', 'anomaly', 'weighted_score_with_decay', 'open', 'high', 'low', 'volume', 'EMA_14', 'RSI_14', 'MACD', 'return', 'ATR_14', 'VWAP', 'value__mean', 'value__maximum', 'value__minimum', 'value__standard_deviation', 'value__partial_autocorrelation__lag_3', 'value__autocorrelation__lag_5', 'value__longest_strike_above_mean']",10,10,chronos-t5-large,60
VKCO,1,amazon/chronos-t5-tiny,9.534205245533068,2.6482333062781156,22.22222222222222,0.01572878360748291,1.2334599494934082,"[254.97421264648438, 249.2447509765625, 254.2778778076172, 274.3497619628906, 271.0444641113281, 267.83868408203125, 283.8619079589844, 282.8382263183594, 283.9612121582031, 270.4271240234375]","[248.3, 255.3, 274.4, 272.5, 272.8, 283.6, 282.8, 283.6, 272.9, 263.8]",1,['close'],10,10,chronos-t5-tiny,61
VKCO,1,amazon/chronos-t5-mini,8.026993837332679,2.3195384939479586,44.44444444444444,0.015357780456542968,1.2468888759613037,"[254.97421264648438, 249.2447509765625, 256.4327697753906, 274.3497619628906, 273.1786804199219, 278.4671936035156, 285.9802551269531, 284.948974609375, 283.9612121582031, 272.5234680175781]","[248.3, 255.3, 274.4, 272.5, 272.8, 283.6, 282.8, 283.6, 272.9, 263.8]",1,['close'],10,10,chronos-t5-mini,62
VKCO,1,amazon/chronos-t5-small,9.95628199461372,2.8626233437291724,44.44444444444444,0.026473808288574218,1.2079529762268066,"[254.97421264648438, 247.07740783691406, 252.1229705810547, 270.06304931640625, 271.0444641113281, 276.3414611816406, 285.9802551269531, 284.948974609375, 288.1680603027344, 272.5234680175781]","[248.3, 255.3, 274.4, 272.5, 272.8, 283.6, 282.8, 283.6, 272.9, 263.8]",1,['close'],10,10,chronos-t5-small,63
VKCO,1,amazon/chronos-t5-base,9.118627409631069,2.6134338551697462,44.44444444444444,0.08798246383666992,1.662947416305542,"[257.1534729003906, 249.2447509765625, 254.2778778076172, 274.3497619628906, 271.0444641113281, 276.3414611816406, 283.8619079589844, 284.948974609375, 286.06463623046875, 272.5234680175781]","[248.3, 255.3, 274.4, 272.5, 272.8, 283.6, 282.8, 283.6, 272.9, 263.8]",1,['close'],10,10,chronos-t5-base,64
VKCO,1,amazon/chronos-t5-large,8.529915844851187,2.448364861268468,33.33333333333333,0.30878543853759766,1.5260040760040283,"[250.6156768798828, 249.2447509765625, 256.4327697753906, 267.9197082519531, 273.1786804199219, 272.0900573730469, 285.9802551269531, 282.8382263183594, 283.9612121582031, 272.5234680175781]","[248.3, 255.3, 274.4, 272.5, 272.8, 283.6, 282.8, 283.6, 272.9, 263.8]",1,['close'],10,10,chronos-t5-large,65
VKCO,6,amazon/chronos-t5-tiny,8.719822192199905,2.5530913284479917,55.55555555555556,0.013443493843078613,1.2122790813446045,"[254.97421264648438, 251.412109375, 256.4327697753906, 270.06304931640625, 273.1786804199219, 272.0900573730469, 285.9802551269531, 287.0596923828125, 286.06463623046875, 270.4271240234375]","[248.3, 255.3, 274.4, 272.5, 272.8, 283.6, 282.8, 283.6, 272.9, 263.8]",20,"['close', 'anomaly', 'weighted_score_with_decay', 'open', 'high', 'low', 'volume', 'EMA_14', 'RSI_14', 'MACD', 'return', 'ATR_14', 'VWAP', 'value__mean', 'value__maximum', 'value__minimum', 'value__standard_deviation', 'value__partial_autocorrelation__lag_3', 'value__autocorrelation__lag_5', 'value__longest_strike_above_mean']",10,10,chronos-t5-tiny,66
VKCO,6,amazon/chronos-t5-mini,10.161372310730853,3.0037155501267376,33.33333333333333,0.017314624786376954,1.1892809867858887,"[252.79495239257812, 247.07740783691406, 252.1229705810547, 274.3497619628906, 275.3128662109375, 272.0900573730469, 290.2170104980469, 284.948974609375, 286.06463623046875, 272.5234680175781]","[248.3, 255.3, 274.4, 272.5, 272.8, 283.6, 282.8, 283.6, 272.9, 263.8]",20,"['close', 'anomaly', 'weighted_score_with_decay', 'open', 'high', 'low', 'volume', 'EMA_14', 'RSI_14', 'MACD', 'return', 'ATR_14', 'VWAP', 'value__mean', 'value__maximum', 'value__minimum', 'value__standard_deviation', 'value__partial_autocorrelation__lag_3', 'value__autocorrelation__lag_5', 'value__longest_strike_above_mean']",10,10,chronos-t5-mini,67
VKCO,6,amazon/chronos-t5-small,9.7435226637819,2.8544609352991004,44.44444444444444,0.027774119377136232,1.2422599792480469,"[257.1534729003906, 251.412109375, 254.2778778076172, 274.3497619628906, 273.1786804199219, 269.9643859863281, 279.6251525878906, 287.0596923828125, 283.9612121582031, 274.61981201171875]","[248.3, 255.3, 274.4, 272.5, 272.8, 283.6, 282.8, 283.6, 272.9, 263.8]",20,"['close', 'anomaly', 'weighted_score_with_decay', 'open', 'high', 'low', 'volume', 'EMA_14', 'RSI_14', 'MACD', 'return', 'ATR_14', 'VWAP', 'value__mean', 'value__maximum', 'value__minimum', 'value__standard_deviation', 'value__partial_autocorrelation__lag_3', 'value__autocorrelation__lag_5', 'value__longest_strike_above_mean']",10,10,chronos-t5-small,68
VKCO,6,amazon/chronos-t5-base,8.280031221691043,2.366667701392002,44.44444444444444,0.08023416996002197,1.2556486129760742,"[252.79495239257812, 251.412109375, 256.4327697753906, 265.7763366699219, 273.1786804199219, 269.9643859863281, 288.0986328125, 282.8382263183594, 279.75439453125, 268.3307800292969]","[248.3, 255.3, 274.4, 272.5, 272.8, 283.6, 282.8, 283.6, 272.9, 263.8]",20,"['close', 'anomaly', 'weighted_score_with_decay', 'open', 'high', 'low', 'volume', 'EMA_14', 'RSI_14', 'MACD', 'return', 'ATR_14', 'VWAP', 'value__mean', 'value__maximum', 'value__minimum', 'value__standard_deviation', 'value__partial_autocorrelation__lag_3', 'value__autocorrelation__lag_5', 'value__longest_strike_above_mean']",10,10,chronos-t5-base,69
VKCO,6,amazon/chronos-t5-large,10.50372252237229,2.661100344296916,22.22222222222222,0.3360265254974365,1.5712907314300537,"[250.6156768798828, 249.2447509765625, 247.8131866455078, 272.2064208984375, 268.9102478027344, 274.21575927734375, 283.8619079589844, 282.8382263183594, 286.06463623046875, 272.5234680175781]","[248.3, 255.3, 274.4, 272.5, 272.8, 283.6, 282.8, 283.6, 272.9, 263.8]",20,"['close', 'anomaly', 'weighted_score_with_decay', 'open', 'high', 'low', 'volume', 'EMA_14', 'RSI_14', 'MACD', 'return', 'ATR_14', 'VWAP', 'value__mean', 'value__maximum', 'value__minimum', 'value__standard_deviation', 'value__partial_autocorrelation__lag_3', 'value__autocorrelation__lag_5', 'value__longest_strike_above_mean']",10,10,chronos-t5-large,70
VTBR,1,amazon/chronos-t5-tiny,3.41589913265115,2.1002540288128153,55.55555555555556,0.01425156593322754,1.136885166168213,"[81.73247528076172, 84.67137145996094, 85.0763931274414, 86.16838073730469, 86.06484985351562, 85.98780822753906, 86.51485443115234, 87.05239868164062, 88.23351287841797, 96.43270874023438]","[83.3, 85.39, 86.32, 85.4, 85.52, 87.24, 87.84, 87.93, 98.55, 97.3]",1,['close'],10,10,chronos-t5-tiny,71
VTBR,1,amazon/chronos-t5-mini,3.53054477495313,2.478337019036776,44.44444444444444,0.018548035621643068,1.1556425094604492,"[84.8520278930664, 81.55845642089844, 86.3183822631836, 86.16838073730469, 86.06484985351562, 84.75057220458984, 87.13282012939453, 88.90458679199219, 88.85054016113281, 99.52350616455078]","[83.3, 85.39, 86.32, 85.4, 85.52, 87.24, 87.84, 87.93, 98.55, 97.3]",1,['close'],10,10,chronos-t5-mini,72
VTBR,1,amazon/chronos-t5-small,3.181919161159065,2.117916365666462,44.44444444444444,0.03440999984741211,1.4422821998596191,"[82.35638427734375, 83.42620086669922, 86.3183822631836, 86.78829956054688, 85.4456787109375, 84.75057220458984, 87.75078582763672, 87.66979217529297, 90.0845718383789, 101.37797546386719]","[83.3, 85.39, 86.32, 85.4, 85.52, 87.24, 87.84, 87.93, 98.55, 97.3]",1,['close'],10,10,chronos-t5-small,73
VTBR,1,amazon/chronos-t5-base,3.0551656565960554,1.934015423396439,66.66666666666666,0.09975168704986573,1.3203861713409424,"[83.60420227050781, 84.04878997802734, 85.6973876953125, 86.78829956054688, 84.82650756835938, 85.36918640136719, 86.51485443115234, 87.05239868164062, 89.46755981445312, 97.66902160644531]","[83.3, 85.39, 86.32, 85.4, 85.52, 87.24, 87.84, 87.93, 98.55, 97.3]",1,['close'],10,10,chronos-t5-base,74
VTBR,1,amazon/chronos-t5-large,3.3598167576024993,1.710840944009534,55.55555555555556,0.3491813182830811,1.8571479320526123,"[82.98029327392578, 83.42620086669922, 85.6973876953125, 86.16838073730469, 85.4456787109375, 86.6064224243164, 87.75078582763672, 88.28718566894531, 88.23351287841797, 98.28717803955078]","[83.3, 85.39, 86.32, 85.4, 85.52, 87.24, 87.84, 87.93, 98.55, 97.3]",1,['close'],10,10,chronos-t5-large,75
VTBR,6,amazon/chronos-t5-tiny,3.6124922829511927,2.026999906029526,66.66666666666666,0.015078878402709961,1.2127981185913086,"[82.98029327392578, 83.42620086669922, 86.93937683105469, 85.54846954345703, 86.06484985351562, 85.36918640136719, 86.51485443115234, 87.66979217529297, 87.61649322509766, 98.28717803955078]","[83.3, 85.39, 86.32, 85.4, 85.52, 87.24, 87.84, 87.93, 98.55, 97.3]",20,"['close', 'anomaly', 'weighted_score_with_decay', 'open', 'high', 'low', 'volume', 'EMA_14', 'RSI_14', 'MACD', 'return', 'ATR_14', 'VWAP', 'value__mean', 'value__maximum', 'value__minimum', 'value__standard_deviation', 'value__partial_autocorrelation__lag_3', 'value__autocorrelation__lag_5', 'value__longest_strike_above_mean']",10,10,chronos-t5-tiny,76
VTBR,6,amazon/chronos-t5-mini,3.2829118463464306,2.062441976493781,55.55555555555556,0.02207505702972412,1.2067570686340332,"[82.35638427734375, 83.42620086669922, 85.6973876953125, 86.78829956054688, 84.82650756835938, 85.36918640136719, 87.75078582763672, 87.66979217529297, 88.85054016113281, 98.90533447265625]","[83.3, 85.39, 86.32, 85.4, 85.52, 87.24, 87.84, 87.93, 98.55, 97.3]",20,"['close', 'anomaly', 'weighted_score_with_decay', 'open', 'high', 'low', 'volume', 'EMA_14', 'RSI_14', 'MACD', 'return', 'ATR_14', 'VWAP', 'value__mean', 'value__maximum', 'value__minimum', 'value__standard_deviation', 'value__partial_autocorrelation__lag_3', 'value__autocorrelation__lag_5', 'value__longest_strike_above_mean']",10,10,chronos-t5-mini,77
VTBR,6,amazon/chronos-t5-small,3.3359562210739524,2.0689294682897326,33.33333333333333,0.03163840770721436,1.217487096786499,"[84.22811889648438, 82.80361938476562, 86.3183822631836, 86.78829956054688, 84.82650756835938, 84.75057220458984, 87.75078582763672, 87.66979217529297, 88.85054016113281, 98.28717803955078]","[83.3, 85.39, 86.32, 85.4, 85.52, 87.24, 87.84, 87.93, 98.55, 97.3]",20,"['close', 'anomaly', 'weighted_score_with_decay', 'open', 'high', 'low', 'volume', 'EMA_14', 'RSI_14', 'MACD', 'return', 'ATR_14', 'VWAP', 'value__mean', 'value__maximum', 'value__minimum', 'value__standard_deviation', 'value__partial_autocorrelation__lag_3', 'value__autocorrelation__lag_5', 'value__longest_strike_above_mean']",10,10,chronos-t5-small,78
VTBR,6,amazon/chronos-t5-base,3.5188436039996245,2.105347229966221,77.77777777777779,0.09832053184509278,1.3022491931915283,"[82.35638427734375, 83.42620086669922, 86.3183822631836, 85.54846954345703, 84.82650756835938, 85.36918640136719, 87.13282012939453, 87.66979217529297, 88.23351287841797, 100.14166259765625]","[83.3, 85.39, 86.32, 85.4, 85.52, 87.24, 87.84, 87.93, 98.55, 97.3]",20,"['close', 'anomaly', 'weighted_score_with_decay', 'open', 'high', 'low', 'volume', 'EMA_14', 'RSI_14', 'MACD', 'return', 'ATR_14', 'VWAP', 'value__mean', 'value__maximum', 'value__minimum', 'value__standard_deviation', 'value__partial_autocorrelation__lag_3', 'value__autocorrelation__lag_5', 'value__longest_strike_above_mean']",10,10,chronos-t5-base,79
VTBR,6,amazon/chronos-t5-large,3.6356875024932727,2.044902540554456,33.33333333333333,0.31669933795928956,1.5024359226226807,"[82.98029327392578, 82.80361938476562, 85.6973876953125, 86.16838073730469, 85.4456787109375, 85.36918640136719, 88.36874389648438, 88.90458679199219, 87.61649322509766, 97.66902160644531]","[83.3, 85.39, 86.32, 85.4, 85.52, 87.24, 87.84, 87.93, 98.55, 97.3]",20,"['close', 'anomaly', 'weighted_score_with_decay', 'open', 'high', 'low', 'volume', 'EMA_14', 'RSI_14', 'MACD', 'return', 'ATR_14', 'VWAP', 'value__mean', 'value__maximum', 'value__minimum', 'value__standard_deviation', 'value__partial_autocorrelation__lag_3', 'value__autocorrelation__lag_5', 'value__longest_strike_above_mean']",10,10,chronos-t5-large,80
X5,1,amazon/chronos-t5-tiny,56.317764286385184,1.8712592913540846,66.66666666666666,0.014973258972167969,1.2819786071777344,"[2276.393798828125, 2211.41552734375, 2193.709716796875, 2350.370361328125, 2350.55712890625, 2319.726318359375, 2257.770263671875, 2258.298095703125, 2307.447509765625, 2374.618896484375]","[2234.0, 2209.0, 2308.5, 2296.0, 2318.0, 2272.0, 2260.0, 2295.5, 2402.5, 2379.0]",1,['close'],10,10,chronos-t5-tiny,81
X5,1,amazon/chronos-t5-mini,54.193224803828834,1.7511523019255837,55.55555555555556,0.015987491607666014,1.2029955387115479,"[2260.6943359375, 2227.09912109375, 2225.04833984375, 2287.69384765625, 2287.875732421875, 2319.726318359375, 2257.770263671875, 2258.298095703125, 2276.0537109375, 2406.07080078125]","[2234.0, 2209.0, 2308.5, 2296.0, 2318.0, 2272.0, 2260.0, 2295.5, 2402.5, 2379.0]",1,['close'],10,10,chronos-t5-mini,82
X5,1,amazon/chronos-t5-small,57.04398668897736,1.8097058418998087,44.44444444444444,0.02963910102844238,1.1852607727050781,"[2260.6943359375, 2258.467041015625, 2209.37890625, 2287.69384765625, 2303.546142578125, 2319.726318359375, 2289.128173828125, 2289.663330078125, 2276.0537109375, 2390.344970703125]","[2234.0, 2209.0, 2308.5, 2296.0, 2318.0, 2272.0, 2260.0, 2295.5, 2402.5, 2379.0]",1,['close'],10,10,chronos-t5-small,83
X5,1,amazon/chronos-t5-base,61.03036863400632,2.000102404796248,33.33333333333333,0.08548369407653808,1.3339707851409912,"[2276.393798828125, 2227.09912109375, 2209.37890625, 2319.031982421875, 2287.875732421875, 2319.726318359375, 2273.44921875, 2273.980712890625, 2260.356689453125, 2406.07080078125]","[2234.0, 2209.0, 2308.5, 2296.0, 2318.0, 2272.0, 2260.0, 2295.5, 2402.5, 2379.0]",1,['close'],10,10,chronos-t5-base,84
X5,1,amazon/chronos-t5-large,50.110265361344574,1.689646250023737,55.55555555555556,0.31046276092529296,1.5247671604156494,"[2276.393798828125, 2227.09912109375, 2209.37890625, 2287.69384765625, 2287.875732421875, 2304.052490234375, 2257.770263671875, 2258.298095703125, 2307.447509765625, 2406.07080078125]","[2234.0, 2209.0, 2308.5, 2296.0, 2318.0, 2272.0, 2260.0, 2295.5, 2402.5, 2379.0]",1,['close'],10,10,chronos-t5-large,85
X5,6,amazon/chronos-t5-tiny,64.86029251665477,2.1975686850386986,33.33333333333333,0.01383812427520752,1.1693801879882812,"[2244.994873046875, 2211.41552734375, 2193.709716796875, 2319.031982421875, 2303.546142578125, 2335.400146484375, 2289.128173828125, 2242.615234375, 2291.750732421875, 2468.974609375]","[2234.0, 2209.0, 2308.5, 2296.0, 2318.0, 2272.0, 2260.0, 2295.5, 2402.5, 2379.0]",20,"['close', 'anomaly', 'weighted_score_with_decay', 'open', 'high', 'low', 'volume', 'EMA_14', 'RSI_14', 'MACD', 'return', 'ATR_14', 'VWAP', 'value__mean', 'value__maximum', 'value__minimum', 'value__standard_deviation', 'value__partial_autocorrelation__lag_3', 'value__autocorrelation__lag_5', 'value__longest_strike_above_mean']",10,10,chronos-t5-tiny,86
X5,6,amazon/chronos-t5-mini,58.48418863533325,1.9313860966575551,44.44444444444444,0.017464470863342286,1.1943559646606445,"[2260.6943359375, 2227.09912109375, 2209.37890625, 2303.363037109375, 2303.546142578125, 2319.726318359375, 2273.44921875, 2242.615234375, 2276.0537109375, 2421.796875]","[2234.0, 2209.0, 2308.5, 2296.0, 2318.0, 2272.0, 2260.0, 2295.5, 2402.5, 2379.0]",20,"['close', 'anomaly', 'weighted_score_with_decay', 'open', 'high', 'low', 'volume', 'EMA_14', 'RSI_14', 'MACD', 'return', 'ATR_14', 'VWAP', 'value__mean', 'value__maximum', 'value__minimum', 'value__standard_deviation', 'value__partial_autocorrelation__lag_3', 'value__autocorrelation__lag_5', 'value__longest_strike_above_mean']",10,10,chronos-t5-mini,87
X5,6,amazon/chronos-t5-small,60.988561763520245,1.9402375052631093,44.44444444444444,0.028028297424316406,1.186305284500122,"[2244.994873046875, 2258.467041015625, 2209.37890625, 2303.363037109375, 2319.216552734375, 2288.378662109375, 2273.44921875, 2242.615234375, 2276.0537109375, 2453.248779296875]","[2234.0, 2209.0, 2308.5, 2296.0, 2318.0, 2272.0, 2260.0, 2295.5, 2402.5, 2379.0]",20,"['close', 'anomaly', 'weighted_score_with_decay', 'open', 'high', 'low', 'volume', 'EMA_14', 'RSI_14', 'MACD', 'return', 'ATR_14', 'VWAP', 'value__mean', 'value__maximum', 'value__minimum', 'value__standard_deviation', 'value__partial_autocorrelation__lag_3', 'value__autocorrelation__lag_5', 'value__longest_strike_above_mean']",10,10,chronos-t5-small,88
X5,6,amazon/chronos-t5-base,57.869423606840115,1.9614092095683358,55.55555555555556,0.08816471099853515,1.281888723373413,"[2260.6943359375, 2227.09912109375, 2193.709716796875, 2272.024658203125, 2287.875732421875, 2319.726318359375, 2242.091064453125, 2242.615234375, 2291.750732421875, 2390.344970703125]","[2234.0, 2209.0, 2308.5, 2296.0, 2318.0, 2272.0, 2260.0, 2295.5, 2402.5, 2379.0]",20,"['close', 'anomaly', 'weighted_score_with_decay', 'open', 'high', 'low', 'volume', 'EMA_14', 'RSI_14', 'MACD', 'return', 'ATR_14', 'VWAP', 'value__mean', 'value__maximum', 'value__minimum', 'value__standard_deviation', 'value__partial_autocorrelation__lag_3', 'value__autocorrelation__lag_5', 'value__longest_strike_above_mean']",10,10,chronos-t5-base,89
X5,6,amazon/chronos-t5-large,52.26760779852107,1.5904911502708607,55.55555555555556,0.31344828605651853,1.4923911094665527,"[2244.994873046875, 2227.09912109375, 2225.04833984375, 2303.363037109375, 2303.546142578125, 2319.726318359375, 2273.44921875, 2273.980712890625, 2276.0537109375, 2406.07080078125]","[2234.0, 2209.0, 2308.5, 2296.0, 2318.0, 2272.0, 2260.0, 2295.5, 2402.5, 2379.0]",20,"['close', 'anomaly', 'weighted_score_with_decay', 'open', 'high', 'low', 'volume', 'EMA_14', 'RSI_14', 'MACD', 'return', 'ATR_14', 'VWAP', 'value__mean', 'value__maximum', 'value__minimum', 'value__standard_deviation', 'value__partial_autocorrelation__lag_3', 'value__autocorrelation__lag_5', 'value__longest_strike_above_mean']",10,10,chronos-t5-large,90
YDEX,1,amazon/chronos-t5-tiny,81.14891576885861,1.6576010491924902,44.44444444444444,0.015066075325012206,1.2441728115081787,"[4182.21044921875, 4271.40966796875, 4296.03662109375, 4190.2314453125, 4279.9580078125, 4307.00927734375, 4239.7255859375, 4334.42041015625, 4365.5, 4298.2568359375]","[4229.5, 4252.5, 4200.0, 4313.5, 4362.5, 4285.0, 4293.0, 4371.5, 4283.0, 4155.0]",1,['close'],10,10,chronos-t5-tiny,91
YDEX,1,amazon/chronos-t5-mini,98.32939901710138,1.8414839370882001,33.33333333333333,0.01781144142150879,1.3031213283538818,"[4182.21044921875, 4174.33203125, 4199.13330078125, 4190.2314453125, 4312.1376953125, 4274.86767578125, 4271.8447265625, 4238.10009765625, 4429.69873046875, 4330.3330078125]","[4229.5, 4252.5, 4200.0, 4313.5, 4362.5, 4285.0, 4293.0, 4371.5, 4283.0, 4155.0]",1,['close'],10,10,chronos-t5-mini,92
YDEX,1,amazon/chronos-t5-small,77.9799835122718,1.3965119684658098,44.44444444444444,0.028257012367248535,1.2163212299346924,"[4214.63037109375, 4206.69140625, 4231.4345703125, 4190.2314453125, 4344.31787109375, 4339.1513671875, 4303.9638671875, 4334.42041015625, 4365.5, 4330.3330078125]","[4229.5, 4252.5, 4200.0, 4313.5, 4362.5, 4285.0, 4293.0, 4371.5, 4283.0, 4155.0]",1,['close'],10,10,chronos-t5-small,93
YDEX,1,amazon/chronos-t5-base,80.24317555451087,1.7913622309061954,33.33333333333333,0.08180673122406006,1.3522617816925049,"[4182.21044921875, 4174.33203125, 4263.7353515625, 4190.2314453125, 4279.9580078125, 4371.29296875, 4239.7255859375, 4302.31396484375, 4333.40087890625, 4266.18017578125]","[4229.5, 4252.5, 4200.0, 4313.5, 4362.5, 4285.0, 4293.0, 4371.5, 4283.0, 4155.0]",1,['close'],10,10,chronos-t5-base,94
YDEX,1,amazon/chronos-t5-large,79.81173911363027,1.5552926298291363,44.44444444444444,0.30186142921447756,1.520289659500122,"[4182.21044921875, 4271.40966796875, 4263.7353515625, 4222.46435546875, 4344.31787109375, 4371.29296875, 4303.9638671875, 4238.10009765625, 4333.40087890625, 4298.2568359375]","[4229.5, 4252.5, 4200.0, 4313.5, 4362.5, 4285.0, 4293.0, 4371.5, 4283.0, 4155.0]",1,['close'],10,10,chronos-t5-large,95
YDEX,6,amazon/chronos-t5-tiny,75.25437414725309,1.490819909698069,55.55555555555556,0.013174176216125488,1.1821532249450684,"[4182.21044921875, 4239.05078125, 4231.4345703125, 4190.2314453125, 4312.1376953125, 4339.1513671875, 4271.8447265625, 4302.31396484375, 4365.5, 4298.2568359375]","[4229.5, 4252.5, 4200.0, 4313.5, 4362.5, 4285.0, 4293.0, 4371.5, 4283.0, 4155.0]",20,"['close', 'anomaly', 'weighted_score_with_decay', 'open', 'high', 'low', 'volume', 'EMA_14', 'RSI_14', 'MACD', 'return', 'ATR_14', 'VWAP', 'value__mean', 'value__maximum', 'value__minimum', 'value__standard_deviation', 'value__partial_autocorrelation__lag_3', 'value__autocorrelation__lag_5', 'value__longest_strike_above_mean']",10,10,chronos-t5-tiny,96
YDEX,6,amazon/chronos-t5-mini,90.8709989822642,1.710726892222512,55.55555555555556,0.02046933174133301,1.164952039718628,"[4182.21044921875, 4239.05078125, 4296.03662109375, 4125.7666015625, 4376.498046875, 4339.1513671875, 4271.8447265625, 4302.31396484375, 4365.5, 4298.2568359375]","[4229.5, 4252.5, 4200.0, 4313.5, 4362.5, 4285.0, 4293.0, 4371.5, 4283.0, 4155.0]",20,"['close', 'anomaly', 'weighted_score_with_decay', 'open', 'high', 'low', 'volume', 'EMA_14', 'RSI_14', 'MACD', 'return', 'ATR_14', 'VWAP', 'value__mean', 'value__maximum', 'value__minimum', 'value__standard_deviation', 'value__partial_autocorrelation__lag_3', 'value__autocorrelation__lag_5', 'value__longest_strike_above_mean']",10,10,chronos-t5-mini,97
YDEX,6,amazon/chronos-t5-small,75.89949530020944,1.4025158877146509,55.55555555555556,0.03661491870880127,1.2268311977386475,"[4214.63037109375, 4271.40966796875, 4231.4345703125, 4190.2314453125, 4312.1376953125, 4339.1513671875, 4303.9638671875, 4334.42041015625, 4429.69873046875, 4266.18017578125]","[4229.5, 4252.5, 4200.0, 4313.5, 4362.5, 4285.0, 4293.0, 4371.5, 4283.0, 4155.0]",20,"['close', 'anomaly', 'weighted_score_with_decay', 'open', 'high', 'low', 'volume', 'EMA_14', 'RSI_14', 'MACD', 'return', 'ATR_14', 'VWAP', 'value__mean', 'value__maximum', 'value__minimum', 'value__standard_deviation', 'value__partial_autocorrelation__lag_3', 'value__autocorrelation__lag_5', 'value__longest_strike_above_mean']",10,10,chronos-t5-small,98
YDEX,6,amazon/chronos-t5-base,77.24557364260497,1.4657573991726762,55.55555555555556,0.09654111862182617,1.7023396492004395,"[4214.63037109375, 4239.05078125, 4231.4345703125, 4190.2314453125, 4279.9580078125, 4371.29296875, 4303.9638671875, 4334.42041015625, 4365.5, 4298.2568359375]","[4229.5, 4252.5, 4200.0, 4313.5, 4362.5, 4285.0, 4293.0, 4371.5, 4283.0, 4155.0]",20,"['close', 'anomaly', 'weighted_score_with_decay', 'open', 'high', 'low', 'volume', 'EMA_14', 'RSI_14', 'MACD', 'return', 'ATR_14', 'VWAP', 'value__mean', 'value__maximum', 'value__minimum', 'value__standard_deviation', 'value__partial_autocorrelation__lag_3', 'value__autocorrelation__lag_5', 'value__longest_strike_above_mean']",10,10,chronos-t5-base,99
YDEX,6,amazon/chronos-t5-large,81.28709858242797,1.6375513540980233,33.33333333333333,0.33068902492523194,1.5354681015014648,"[4214.63037109375, 4206.69140625, 4231.4345703125, 4157.9990234375, 4312.1376953125, 4339.1513671875, 4239.7255859375, 4302.31396484375, 4397.599609375, 4266.18017578125]","[4229.5, 4252.5, 4200.0, 4313.5, 4362.5, 4285.0, 4293.0, 4371.5, 4283.0, 4155.0]",20,"['close', 'anomaly', 'weighted_score_with_decay', 'open', 'high', 'low', 'volume', 'EMA_14', 'RSI_14', 'MACD', 'return', 'ATR_14', 'VWAP', 'value__mean', 'value__maximum', 'value__minimum', 'value__standard_deviation', 'value__partial_autocorrelation__lag_3', 'value__autocorrelation__lag_5', 'value__longest_strike_above_mean']",10,10,chronos-t5-large,100
