timestamp,open,close,high,low,volume,anomaly,method
2020-07-02 00:00:00+00:00,1700.2,1666.0,1792.0,1610.0,310373,0.0,binseg_l2
2020-07-03 00:00:00+00:00,1689.6,1754.8,1776.6,1665.0,372162,0.0,binseg_l2
2020-07-06 00:00:00+00:00,1803.2,1852.0,1918.0,1763.8,915828,0.0,binseg_l2
2020-07-07 00:00:00+00:00,1899.0,1873.0,1927.4,1852.0,643213,0.0,binseg_l2
2020-07-08 00:00:00+00:00,1878.0,1838.6,1889.8,1835.0,136960,0.0,binseg_l2
2020-07-09 00:00:00+00:00,1840.2,1808.0,1855.0,1782.6,165076,0.0,binseg_l2
2020-07-10 00:00:00+00:00,1800.8,1811.8,1838.0,1800.8,88853,0.0,binseg_l2
2020-07-13 00:00:00+00:00,1822.4,1822.0,1838.0,1818.0,90655,0.0,binseg_l2
2020-07-14 00:00:00+00:00,1825.0,1786.6,1825.0,1781.4,95068,0.0,binseg_l2
2020-07-15 00:00:00+00:00,1808.8,1811.8,1845.0,1790.0,117695,0.0,binseg_l2
2020-07-16 00:00:00+00:00,1801.2,1821.0,1822.0,1801.2,43346,0.0,binseg_l2
2020-07-17 00:00:00+00:00,1825.0,1827.0,1840.0,1808.0,101131,0.0,binseg_l2
2020-07-20 00:00:00+00:00,1839.0,1822.0,1841.6,1810.2,103399,0.0,binseg_l2
2020-07-21 00:00:00+00:00,1830.0,1851.2,1878.6,1830.0,168983,0.0,binseg_l2
2020-07-22 00:00:00+00:00,1869.0,1863.0,1874.2,1835.6,181228,0.0,binseg_l2
2020-07-23 00:00:00+00:00,1886.0,1911.0,1915.6,1876.6,330717,0.0,binseg_l2
2020-07-24 00:00:00+00:00,1912.0,1906.2,1915.8,1882.8,205515,0.0,binseg_l2
2020-07-27 00:00:00+00:00,1915.8,1915.0,1935.0,1905.2,183177,0.0,binseg_l2
2020-07-28 00:00:00+00:00,1915.2,1985.0,1990.6,1915.0,168355,0.0,binseg_l2
2020-07-29 00:00:00+00:00,2020.6,2005.8,2021.6,1985.0,259649,0.0,binseg_l2
2020-07-30 00:00:00+00:00,2008.8,1990.0,2026.0,1970.2,119257,0.0,binseg_l2
2020-07-31 00:00:00+00:00,2000.2,1975.0,2022.0,1960.0,118051,0.0,binseg_l2
2020-08-03 00:00:00+00:00,2000.0,2028.0,2051.2,1994.2,271650,0.0,binseg_l2
2020-08-04 00:00:00+00:00,2049.8,2043.0,2062.0,2016.0,227249,0.0,binseg_l2
2020-08-05 00:00:00+00:00,2049.8,2031.4,2054.8,2025.0,175828,0.0,binseg_l2
2020-08-06 00:00:00+00:00,2035.0,1985.0,2040.0,1980.0,265893,0.0,binseg_l2
2020-08-07 00:00:00+00:00,2008.4,1986.0,2010.0,1972.0,164409,0.0,binseg_l2
2020-08-10 00:00:00+00:00,2000.0,1999.4,2009.0,1970.0,117029,0.0,binseg_l2
2020-08-11 00:00:00+00:00,2006.0,1973.0,2008.0,1970.0,286136,0.0,binseg_l2
2020-08-12 00:00:00+00:00,1983.0,1986.6,1989.4,1957.0,133007,0.0,binseg_l2
2020-08-13 00:00:00+00:00,1990.0,2044.0,2055.0,1975.0,396188,0.0,binseg_l2
2020-08-14 00:00:00+00:00,2015.0,2079.8,2085.0,2015.0,344851,0.0,binseg_l2
2020-08-17 00:00:00+00:00,2087.0,2106.0,2145.8,2080.0,553643,0.0,binseg_l2
2020-08-18 00:00:00+00:00,2090.4,2080.0,2138.4,2060.2,306193,0.0,binseg_l2
2020-08-19 00:00:00+00:00,2086.8,2163.0,2195.0,2083.0,584462,0.0,binseg_l2
2020-08-20 00:00:00+00:00,2160.0,2128.8,2189.2,2110.0,455795,0.0,binseg_l2
2020-08-21 00:00:00+00:00,2149.0,2150.0,2224.0,2120.2,538455,0.0,binseg_l2
2020-08-24 00:00:00+00:00,2172.0,2182.6,2214.8,2172.0,416282,0.0,binseg_l2
2020-08-25 00:00:00+00:00,2192.0,2314.0,2344.8,2190.0,752683,0.0,binseg_l2
2020-08-26 00:00:00+00:00,2350.0,2337.6,2360.0,2282.2,1115508,0.0,binseg_l2
2020-08-27 00:00:00+00:00,2348.0,2335.2,2448.0,2304.0,1023378,0.0,binseg_l2
2020-08-28 00:00:00+00:00,2324.4,2299.0,2359.0,2262.8,601833,0.0,binseg_l2
2020-08-31 00:00:00+00:00,2320.0,2350.0,2364.8,2304.8,365922,0.0,binseg_l2
2020-09-01 00:00:00+00:00,2365.0,2390.0,2415.8,2341.0,527498,0.0,binseg_l2
2020-09-02 00:00:00+00:00,2400.0,2316.8,2418.0,2310.8,447961,0.0,binseg_l2
2020-09-03 00:00:00+00:00,2329.0,2268.0,2375.0,2230.0,524599,0.0,binseg_l2
2020-09-04 00:00:00+00:00,2248.0,2200.0,2310.0,2160.0,686429,0.0,binseg_l2
2020-09-07 00:00:00+00:00,2220.0,2182.2,2223.6,2169.8,287882,0.0,binseg_l2
2020-09-08 00:00:00+00:00,2199.8,2110.2,2205.0,2069.2,574653,0.0,binseg_l2
2020-09-09 00:00:00+00:00,2101.0,2143.0,2170.0,2072.4,371536,0.0,binseg_l2
2020-09-10 00:00:00+00:00,2169.0,2138.2,2181.2,2117.0,281382,0.0,binseg_l2
2020-09-11 00:00:00+00:00,2145.0,2129.0,2155.6,2120.0,252722,0.0,binseg_l2
2020-09-14 00:00:00+00:00,2142.0,2210.0,2247.0,2136.2,460985,0.0,binseg_l2
2020-09-15 00:00:00+00:00,2230.6,2228.8,2288.0,2211.6,414981,0.0,binseg_l2
2020-09-16 00:00:00+00:00,2237.0,2177.0,2259.8,2166.0,490173,0.0,binseg_l2
2020-09-17 00:00:00+00:00,2160.0,2222.0,2222.0,2134.0,657972,0.0,binseg_l2
2020-09-18 00:00:00+00:00,2192.0,2220.0,2224.0,2172.4,348122,0.0,binseg_l2
2020-09-21 00:00:00+00:00,2222.0,2180.0,2238.0,2170.2,413398,0.0,binseg_l2
2020-09-22 00:00:00+00:00,2202.2,2244.0,2357.6,2188.0,875666,0.0,binseg_l2
2020-09-23 00:00:00+00:00,2350.0,2351.0,2439.8,2206.2,1850210,0.0,binseg_l2
2020-09-24 00:00:00+00:00,2299.0,2196.0,2299.0,2179.0,2223219,0.0,binseg_l2
2020-09-25 00:00:00+00:00,2227.8,2185.0,2229.4,2163.0,692742,0.0,binseg_l2
2020-09-28 00:00:00+00:00,2181.2,2186.2,2240.0,2170.0,797587,0.0,binseg_l2
2020-09-29 00:00:00+00:00,2218.0,2143.0,2219.4,2135.0,1012210,0.0,binseg_l2
2020-09-30 00:00:00+00:00,2143.0,2136.2,2147.4,2115.0,833951,0.0,binseg_l2
2020-10-01 00:00:00+00:00,2148.8,2162.2,2174.8,2127.0,409919,0.0,binseg_l2
2020-10-02 00:00:00+00:00,2148.0,2218.8,2219.0,2117.2,603032,0.0,binseg_l2
2020-10-05 00:00:00+00:00,2220.0,2180.0,2224.8,2178.6,404604,0.0,binseg_l2
2020-10-06 00:00:00+00:00,2198.0,2170.8,2202.0,2152.0,370070,0.0,binseg_l2
2020-10-07 00:00:00+00:00,2170.0,2154.0,2175.0,2132.4,250070,0.0,binseg_l2
2020-10-08 00:00:00+00:00,2168.2,2179.2,2196.4,2157.0,423649,0.0,binseg_l2
2020-10-09 00:00:00+00:00,2185.4,2171.8,2185.4,2150.4,276287,0.0,binseg_l2
2020-10-12 00:00:00+00:00,2175.0,2239.8,2250.0,2170.0,777301,0.0,binseg_l2
2020-10-13 00:00:00+00:00,2244.4,2270.0,2283.4,2235.2,757414,0.0,binseg_l2
2020-10-14 00:00:00+00:00,2270.0,2275.4,2292.0,2241.6,364874,0.0,binseg_l2
2020-10-15 00:00:00+00:00,2269.0,2265.0,2270.0,2242.6,300033,0.0,binseg_l2
2020-10-16 00:00:00+00:00,2260.4,2294.8,2318.4,2250.0,523519,0.0,binseg_l2
2020-10-19 00:00:00+00:00,2299.0,2302.0,2324.8,2275.4,386289,0.0,binseg_l2
2020-10-20 00:00:00+00:00,2298.0,2270.0,2305.0,2261.0,282246,0.0,binseg_l2
2020-10-21 00:00:00+00:00,2270.0,2256.6,2273.6,2241.8,274633,0.0,binseg_l2
2020-10-22 00:00:00+00:00,2255.0,2238.8,2274.2,2228.4,348954,0.0,binseg_l2
2020-10-23 00:00:00+00:00,2230.4,2228.8,2250.6,2224.4,376650,0.0,binseg_l2
2020-10-26 00:00:00+00:00,2227.6,2211.0,2320.0,2150.0,867967,0.0,binseg_l2
2020-10-27 00:00:00+00:00,2175.0,2141.0,2180.0,2102.0,1297427,0.0,binseg_l2
2020-10-28 00:00:00+00:00,2141.0,2117.2,2159.0,2071.2,745616,0.0,binseg_l2
2020-10-29 00:00:00+00:00,2110.2,2119.0,2248.2,2099.8,370108,0.0,binseg_l2
2020-10-30 00:00:00+00:00,2110.0,2096.0,2117.8,2080.0,322545,0.0,binseg_l2
2020-11-02 00:00:00+00:00,2100.0,2130.0,2137.4,2071.0,431998,0.0,binseg_l2
2020-11-03 00:00:00+00:00,2135.0,2109.4,2148.8,2100.0,478882,0.0,binseg_l2
2020-11-05 00:00:00+00:00,2125.0,2196.4,2200.0,2125.0,906600,0.0,binseg_l2
2020-11-06 00:00:00+00:00,2190.0,2248.6,2253.6,2159.0,589743,0.0,binseg_l2
2020-11-09 00:00:00+00:00,2265.8,2267.2,2291.0,2236.0,868019,0.0,binseg_l2
2020-11-10 00:00:00+00:00,2268.0,2236.8,2297.4,2202.0,921547,0.0,binseg_l2
2020-11-11 00:00:00+00:00,2310.0,2235.4,2333.8,2210.4,1909674,0.0,binseg_l2
2020-11-12 00:00:00+00:00,2240.0,2225.2,2269.0,2205.8,866776,0.0,binseg_l2
2020-11-13 00:00:00+00:00,2225.2,2220.0,2244.4,2210.0,569736,0.0,binseg_l2
2020-11-16 00:00:00+00:00,2229.8,2195.6,2250.0,2178.6,1078623,0.0,binseg_l2
2020-11-17 00:00:00+00:00,2185.0,2175.0,2216.0,2161.0,736011,0.0,binseg_l2
2020-11-18 00:00:00+00:00,2179.0,2163.6,2193.0,2151.2,745321,0.0,binseg_l2
2020-11-19 00:00:00+00:00,2174.6,2145.0,2197.0,2132.6,848229,0.0,binseg_l2
2020-11-20 00:00:00+00:00,2147.2,2146.0,2164.4,2130.2,692642,0.0,binseg_l2
2020-11-23 00:00:00+00:00,2167.0,2168.6,2209.2,2160.0,1118957,0.0,binseg_l2
2020-11-24 00:00:00+00:00,2190.0,2178.6,2206.0,2152.0,1149428,0.0,binseg_l2
2020-11-25 00:00:00+00:00,2179.4,2183.0,2208.6,2170.0,1464844,0.0,binseg_l2
2020-11-26 00:00:00+00:00,2203.6,2255.0,2259.8,2191.0,1389958,0.0,binseg_l2
2020-11-27 00:00:00+00:00,2260.0,2276.0,2290.6,2248.2,1328398,0.0,binseg_l2
2020-11-30 00:00:00+00:00,2290.8,2217.2,2295.0,2169.8,8516508,0.0,binseg_l2
2020-12-01 00:00:00+00:00,2206.2,2170.2,2207.0,2157.8,1232021,0.0,binseg_l2
2020-12-02 00:00:00+00:00,2171.0,2159.6,2185.0,2152.4,588439,0.0,binseg_l2
2020-12-03 00:00:00+00:00,2161.0,2174.0,2174.0,2142.2,669320,0.0,binseg_l2
2020-12-04 00:00:00+00:00,2172.0,2146.0,2172.0,2130.0,690676,0.0,binseg_l2
2020-12-07 00:00:00+00:00,2149.8,2111.6,2150.0,2105.0,711732,0.0,binseg_l2
2020-12-08 00:00:00+00:00,2111.4,2117.0,2147.0,2095.6,953402,0.0,binseg_l2
2020-12-09 00:00:00+00:00,2122.0,2122.6,2137.0,2105.0,674242,0.0,binseg_l2
2020-12-10 00:00:00+00:00,2114.2,2098.2,2122.0,2085.4,666114,0.0,binseg_l2
2020-12-11 00:00:00+00:00,2113.8,2094.8,2133.2,2090.4,682543,0.0,binseg_l2
2020-12-14 00:00:00+00:00,2114.4,2088.4,2121.8,2080.0,768378,0.0,binseg_l2
2020-12-15 00:00:00+00:00,2094.8,2081.6,2095.0,2073.2,467413,0.0,binseg_l2
2020-12-16 00:00:00+00:00,2082.0,2074.0,2093.0,1978.4,550878,0.0,binseg_l2
2020-12-17 00:00:00+00:00,2074.0,2041.2,2077.8,2021.0,731568,0.0,binseg_l2
2020-12-18 00:00:00+00:00,2049.6,2013.4,2049.8,1980.0,875073,0.0,binseg_l2
2020-12-21 00:00:00+00:00,2012.0,1981.8,2029.8,1952.2,928494,0.0,binseg_l2
2020-12-22 00:00:00+00:00,2020.0,1973.6,2020.0,1965.8,542063,0.0,binseg_l2
2020-12-23 00:00:00+00:00,1980.0,1970.0,1995.0,1959.2,451424,0.0,binseg_l2
2020-12-24 00:00:00+00:00,1975.0,1984.2,1994.8,1960.0,474738,0.0,binseg_l2
2020-12-25 00:00:00+00:00,1985.2,2024.8,2047.6,1974.2,624106,0.0,binseg_l2
2020-12-28 00:00:00+00:00,2035.0,1998.2,2049.6,1990.2,618225,0.0,binseg_l2
2020-12-29 00:00:00+00:00,2008.0,1972.2,2010.0,1966.0,652829,0.0,binseg_l2
2020-12-30 00:00:00+00:00,1976.2,1989.0,1993.8,1970.0,477051,0.0,binseg_l2
2021-01-04 00:00:00+00:00,1990.0,1991.0,1999.0,1980.0,394058,0.0,binseg_l2
2021-01-05 00:00:00+00:00,1989.0,2038.6,2057.6,1979.0,745095,0.0,binseg_l2
2021-01-06 00:00:00+00:00,2040.0,2018.4,2077.0,1998.2,826247,0.0,binseg_l2
2021-01-08 00:00:00+00:00,2013.0,2020.0,2037.2,2005.0,600293,0.0,binseg_l2
2021-01-11 00:00:00+00:00,2016.0,2056.0,2073.0,2006.2,775968,0.0,binseg_l2
2021-01-12 00:00:00+00:00,2064.8,2027.0,2086.6,2015.8,554621,0.0,binseg_l2
2021-01-13 00:00:00+00:00,2033.0,2010.0,2049.0,2000.2,448704,0.0,binseg_l2
2021-01-14 00:00:00+00:00,2012.0,1982.6,2029.0,1940.4,1144225,0.0,binseg_l2
2021-01-15 00:00:00+00:00,1979.8,1955.2,1996.6,1950.2,499156,0.0,binseg_l2
2021-01-18 00:00:00+00:00,1965.0,1966.6,1988.0,1945.4,485362,0.0,binseg_l2
2021-01-19 00:00:00+00:00,1965.0,1932.4,1969.8,1924.0,913919,0.0,binseg_l2
2021-01-20 00:00:00+00:00,1935.4,1944.0,1968.2,1925.4,400133,0.0,binseg_l2
2021-01-21 00:00:00+00:00,1961.6,1952.8,1988.0,1934.2,888500,0.0,binseg_l2
2021-01-22 00:00:00+00:00,1950.0,1946.0,1963.0,1939.0,381046,0.0,binseg_l2
2021-01-25 00:00:00+00:00,1952.0,1958.4,1967.0,1943.2,414490,0.0,binseg_l2
2021-01-26 00:00:00+00:00,1959.2,1984.0,1984.0,1950.0,491926,0.0,binseg_l2
2021-01-27 00:00:00+00:00,1986.0,2000.8,2010.4,1961.2,737270,0.0,binseg_l2
2021-01-28 00:00:00+00:00,1988.0,1977.0,2003.8,1965.6,561044,0.0,binseg_l2
2021-01-29 00:00:00+00:00,1975.0,1979.0,1992.8,1920.2,587471,0.0,binseg_l2
2021-02-01 00:00:00+00:00,1961.6,1976.0,1987.0,1936.0,544613,0.0,binseg_l2
2021-02-02 00:00:00+00:00,1976.0,2007.0,2017.0,1971.4,518322,0.0,binseg_l2
2021-02-03 00:00:00+00:00,2000.0,2013.8,2025.0,1978.4,448120,0.0,binseg_l2
2021-02-04 00:00:00+00:00,2017.0,2041.8,2041.8,2012.2,384715,0.0,binseg_l2
2021-02-05 00:00:00+00:00,2035.0,2042.0,2052.0,2023.0,389678,0.0,binseg_l2
2021-02-08 00:00:00+00:00,2042.0,2033.8,2053.2,2019.0,370844,0.0,binseg_l2
2021-02-09 00:00:00+00:00,2030.0,2006.2,2035.0,2001.0,315964,0.0,binseg_l2
2021-02-10 00:00:00+00:00,2026.0,2014.0,2035.0,2010.2,386450,0.0,binseg_l2
2021-02-11 00:00:00+00:00,2020.0,2027.4,2029.8,2013.2,233965,0.0,binseg_l2
2021-02-12 00:00:00+00:00,2025.0,1993.4,2032.8,1977.0,569643,0.0,binseg_l2
2021-02-15 00:00:00+00:00,2004.8,2011.0,2027.6,2004.0,229387,0.0,binseg_l2
2021-02-16 00:00:00+00:00,2027.0,2037.6,2048.0,2006.4,442228,0.0,binseg_l2
2021-02-17 00:00:00+00:00,2040.0,2006.6,2053.0,2001.0,465352,0.0,binseg_l2
2021-02-18 00:00:00+00:00,2015.0,1998.6,2022.6,1993.2,413695,0.0,binseg_l2
2021-02-19 00:00:00+00:00,1997.4,2025.6,2032.8,1985.0,286054,0.0,binseg_l2
2021-02-20 00:00:00+00:00,2021.8,2014.2,2025.0,2010.0,38736,0.0,binseg_l2
2021-02-22 00:00:00+00:00,2020.0,2005.4,2023.8,1996.0,321021,0.0,binseg_l2
2021-02-24 00:00:00+00:00,2003.0,2038.6,2050.0,1995.2,602447,0.0,binseg_l2
2021-02-25 00:00:00+00:00,2043.8,2020.0,2047.2,2005.0,280849,0.0,binseg_l2
2021-02-26 00:00:00+00:00,2008.0,2012.0,2039.2,1987.6,901017,0.0,binseg_l2
2021-03-01 00:00:00+00:00,2017.0,2006.0,2022.2,2005.0,207377,0.0,binseg_l2
2021-03-02 00:00:00+00:00,2007.2,2004.4,2031.8,1998.0,358313,0.0,binseg_l2
2021-03-03 00:00:00+00:00,2011.0,2020.0,2024.0,2001.0,221054,0.0,binseg_l2
2021-03-04 00:00:00+00:00,2018.0,1958.0,2026.6,1936.6,663453,0.0,binseg_l2
2021-03-05 00:00:00+00:00,1954.8,1899.6,1955.0,1860.0,757764,0.0,binseg_l2
2021-03-09 00:00:00+00:00,1902.0,1869.0,1904.8,1860.2,745896,0.0,binseg_l2
2021-03-10 00:00:00+00:00,1884.0,1843.2,1914.6,1836.2,797715,0.0,binseg_l2
2021-03-11 00:00:00+00:00,1856.0,1845.0,1871.2,1841.2,445154,0.0,binseg_l2
2021-03-12 00:00:00+00:00,1862.0,1810.6,1867.0,1805.2,997102,1.0,binseg_l2
2021-03-15 00:00:00+00:00,1825.0,1808.2,1845.0,1808.2,672012,1.0,binseg_l2
2021-03-16 00:00:00+00:00,1839.0,1806.0,1840.8,1805.2,675864,1.0,binseg_l2
2021-03-17 00:00:00+00:00,1812.0,1811.0,1829.0,1800.0,730014,1.0,binseg_l2
2021-03-18 00:00:00+00:00,1819.6,1810.2,1824.0,1795.0,646794,1.0,binseg_l2
2021-03-19 00:00:00+00:00,1809.4,1799.6,1813.0,1780.4,603256,1.0,binseg_l2
2021-03-22 00:00:00+00:00,1793.6,1787.6,1799.2,1782.2,380167,1.0,binseg_l2
2021-03-23 00:00:00+00:00,1790.6,1756.2,1790.6,1742.4,707215,0.0,binseg_l2
2021-03-24 00:00:00+00:00,1750.4,1745.0,1763.8,1728.6,399653,0.0,binseg_l2
2021-03-25 00:00:00+00:00,1745.0,1708.0,1745.2,1700.2,512606,0.0,binseg_l2
2021-03-26 00:00:00+00:00,1713.0,1719.0,1741.4,1711.0,431522,0.0,binseg_l2
2021-03-29 00:00:00+00:00,1739.8,1760.0,1771.0,1731.2,407015,0.0,binseg_l2
2021-03-30 00:00:00+00:00,1761.6,1751.8,1789.8,1738.8,511294,0.0,binseg_l2
2021-03-31 00:00:00+00:00,1750.8,1738.0,1754.0,1714.4,582666,0.0,binseg_l2
2021-04-01 00:00:00+00:00,1740.6,1759.6,1759.6,1724.8,402723,0.0,binseg_l2
2021-04-02 00:00:00+00:00,1760.0,1759.8,1773.0,1750.2,159030,0.0,binseg_l2
2021-04-05 00:00:00+00:00,1770.0,1773.0,1800.0,1752.0,254995,0.0,binseg_l2
2021-04-06 00:00:00+00:00,1788.0,1762.2,1796.8,1745.6,392481,0.0,binseg_l2
2021-04-07 00:00:00+00:00,1772.0,1742.8,1772.0,1736.2,344107,0.0,binseg_l2
2021-04-08 00:00:00+00:00,1749.8,1736.0,1759.0,1731.4,246634,0.0,binseg_l2
2021-04-09 00:00:00+00:00,1759.8,1717.6,1759.8,1704.2,473415,0.0,binseg_l2
2021-04-12 00:00:00+00:00,1717.0,1750.4,1756.4,1714.6,470371,0.0,binseg_l2
2021-04-13 00:00:00+00:00,1750.4,1784.6,1799.0,1749.2,511462,0.0,binseg_l2
2021-04-14 00:00:00+00:00,1787.2,1804.8,1825.6,1757.6,762115,0.0,binseg_l2
2021-04-15 00:00:00+00:00,1804.8,1759.2,1805.0,1750.4,644430,0.0,binseg_l2
2021-04-16 00:00:00+00:00,1769.0,1743.0,1776.6,1740.2,409299,0.0,binseg_l2
2021-04-19 00:00:00+00:00,1745.2,1737.8,1755.2,1725.0,329453,0.0,binseg_l2
2021-04-20 00:00:00+00:00,1743.2,1705.0,1751.8,1701.4,744230,0.0,binseg_l2
2021-04-21 00:00:00+00:00,1714.2,1690.2,1721.6,1685.0,803240,0.0,binseg_l2
2021-04-22 00:00:00+00:00,1698.0,1733.0,1743.2,1692.6,796549,0.0,binseg_l2
2021-04-23 00:00:00+00:00,1730.2,1735.8,1746.0,1710.0,347798,0.0,binseg_l2
2021-04-26 00:00:00+00:00,1739.6,1723.6,1742.4,1721.4,192546,0.0,binseg_l2
2021-04-27 00:00:00+00:00,1732.0,1726.2,1748.0,1721.0,259871,0.0,binseg_l2
2021-04-28 00:00:00+00:00,1729.0,1717.4,1735.4,1703.0,303981,0.0,binseg_l2
2021-04-29 00:00:00+00:00,1725.0,1701.2,1738.8,1694.2,493527,0.0,binseg_l2
2021-04-30 00:00:00+00:00,1710.0,1683.8,1714.0,1674.4,646035,0.0,binseg_l2
2021-05-04 00:00:00+00:00,1690.2,1659.6,1695.0,1652.2,529636,0.0,binseg_l2
2021-05-05 00:00:00+00:00,1669.0,1664.4,1674.8,1656.0,347189,0.0,binseg_l2
2021-05-06 00:00:00+00:00,1665.0,1638.4,1666.8,1630.0,620011,0.0,binseg_l2
2021-05-07 00:00:00+00:00,1645.0,1634.6,1649.0,1621.8,421726,0.0,binseg_l2
2021-05-10 00:00:00+00:00,1640.0,1615.4,1641.2,1610.6,308544,0.0,binseg_l2
2021-05-11 00:00:00+00:00,1615.0,1584.8,1617.4,1567.6,848644,0.0,binseg_l2
2021-05-12 00:00:00+00:00,1588.0,1560.2,1594.8,1551.0,645544,0.0,binseg_l2
2021-05-13 00:00:00+00:00,1553.0,1505.0,1554.6,1502.8,1036943,0.0,binseg_l2
2021-05-14 00:00:00+00:00,1510.6,1500.8,1516.6,1465.8,942251,0.0,binseg_l2
2021-05-17 00:00:00+00:00,1532.8,1503.0,1532.8,1491.0,715926,0.0,binseg_l2
2021-05-18 00:00:00+00:00,1520.2,1542.8,1552.0,1509.0,812991,0.0,binseg_l2
2021-05-19 00:00:00+00:00,1550.0,1509.4,1554.2,1501.0,526564,0.0,binseg_l2
2021-05-20 00:00:00+00:00,1517.0,1506.6,1520.2,1500.2,340976,0.0,binseg_l2
2021-05-21 00:00:00+00:00,1512.6,1526.4,1546.0,1500.6,422078,0.0,binseg_l2
2021-05-24 00:00:00+00:00,1528.0,1550.0,1563.8,1528.0,321459,0.0,binseg_l2
2021-05-25 00:00:00+00:00,1565.0,1573.8,1573.8,1552.0,331464,0.0,binseg_l2
2021-05-26 00:00:00+00:00,1575.0,1617.4,1632.6,1572.2,954613,0.0,binseg_l2
2021-05-27 00:00:00+00:00,1630.4,1709.0,1709.0,1615.2,1786380,0.0,binseg_l2
2021-05-28 00:00:00+00:00,1670.0,1686.8,1697.8,1642.0,709777,0.0,binseg_l2
2021-05-31 00:00:00+00:00,1680.0,1671.6,1701.4,1665.6,369003,0.0,binseg_l2
2021-06-01 00:00:00+00:00,1680.4,1682.0,1717.0,1676.0,515332,0.0,binseg_l2
2021-06-02 00:00:00+00:00,1694.0,1685.0,1705.8,1672.2,329604,0.0,binseg_l2
2021-06-03 00:00:00+00:00,1685.4,1668.0,1689.0,1660.0,309247,0.0,binseg_l2
2021-06-04 00:00:00+00:00,1673.8,1670.0,1681.4,1639.2,290319,0.0,binseg_l2
2021-06-07 00:00:00+00:00,1670.0,1665.0,1674.6,1652.2,214641,0.0,binseg_l2
2021-06-08 00:00:00+00:00,1663.0,1665.6,1683.6,1660.0,293968,0.0,binseg_l2
2021-06-09 00:00:00+00:00,1670.0,1666.4,1680.0,1658.0,270754,0.0,binseg_l2
2021-06-10 00:00:00+00:00,1675.0,1666.8,1675.0,1654.0,327176,0.0,binseg_l2
2021-06-11 00:00:00+00:00,1667.0,1636.4,1668.2,1628.0,320824,0.0,binseg_l2
2021-06-14 00:00:00+00:00,1640.8,1632.6,1644.6,1625.4,142903,0.0,binseg_l2
2021-06-15 00:00:00+00:00,1638.0,1624.8,1638.0,1616.6,246607,0.0,binseg_l2
2021-06-16 00:00:00+00:00,1616.0,1609.6,1624.4,1597.0,580880,0.0,binseg_l2
2021-06-17 00:00:00+00:00,1603.0,1633.2,1642.8,1587.8,401459,0.0,binseg_l2
2021-06-18 00:00:00+00:00,1638.0,1630.4,1646.8,1611.8,373973,0.0,binseg_l2
2021-06-21 00:00:00+00:00,1630.8,1616.0,1643.2,1608.2,274238,0.0,binseg_l2
2021-06-22 00:00:00+00:00,1621.2,1595.0,1621.2,1592.0,389993,0.0,binseg_l2
2021-06-23 00:00:00+00:00,1602.4,1605.2,1609.0,1581.8,349126,0.0,binseg_l2
2021-06-24 00:00:00+00:00,1600.0,1600.0,1604.4,1581.4,244403,0.0,binseg_l2
2021-06-25 00:00:00+00:00,1594.0,1610.8,1620.0,1588.8,242205,0.0,binseg_l2
2021-06-28 00:00:00+00:00,1612.2,1627.2,1630.0,1602.0,309863,0.0,binseg_l2
2021-06-29 00:00:00+00:00,1630.0,1622.0,1645.0,1591.4,428736,0.0,binseg_l2
2021-06-30 00:00:00+00:00,1609.8,1655.6,1664.0,1605.4,398090,0.0,binseg_l2
2021-07-01 00:00:00+00:00,1658.8,1669.4,1677.6,1643.4,361161,0.0,binseg_l2
2021-07-02 00:00:00+00:00,1670.0,1661.2,1679.0,1650.0,199753,0.0,binseg_l2
2021-07-05 00:00:00+00:00,1661.2,1658.0,1668.8,1637.2,193558,0.0,binseg_l2
2021-07-06 00:00:00+00:00,1660.0,1649.0,1665.2,1643.4,350729,0.0,binseg_l2
2021-07-07 00:00:00+00:00,1650.4,1649.0,1669.2,1646.8,260155,0.0,binseg_l2
2021-07-08 00:00:00+00:00,1648.0,1629.8,1650.4,1623.6,300135,0.0,binseg_l2
2021-07-09 00:00:00+00:00,1626.2,1616.0,1641.0,1605.0,233581,0.0,binseg_l2
2021-07-12 00:00:00+00:00,1616.0,1619.6,1620.6,1599.4,181730,0.0,binseg_l2
2021-07-13 00:00:00+00:00,1617.0,1642.4,1650.0,1612.2,216645,0.0,binseg_l2
2021-07-14 00:00:00+00:00,1648.6,1607.0,1648.6,1606.0,291338,0.0,binseg_l2
2021-07-15 00:00:00+00:00,1605.4,1585.2,1618.8,1578.0,437490,0.0,binseg_l2
2021-07-16 00:00:00+00:00,1595.0,1560.8,1604.0,1557.6,277428,0.0,binseg_l2
2021-07-19 00:00:00+00:00,1561.0,1528.6,1567.4,1513.4,451242,0.0,binseg_l2
2021-07-20 00:00:00+00:00,1534.8,1534.0,1543.0,1516.4,205693,0.0,binseg_l2
2021-07-21 00:00:00+00:00,1540.2,1541.0,1564.2,1525.8,175232,0.0,binseg_l2
2021-07-22 00:00:00+00:00,1553.0,1549.0,1557.8,1533.4,172316,0.0,binseg_l2
2021-07-23 00:00:00+00:00,1549.8,1539.0,1560.0,1525.0,148751,0.0,binseg_l2
2021-07-26 00:00:00+00:00,1532.2,1544.0,1547.2,1523.0,141147,0.0,binseg_l2
2021-07-27 00:00:00+00:00,1544.0,1517.4,1544.0,1508.8,233686,0.0,binseg_l2
2021-07-28 00:00:00+00:00,1519.2,1548.6,1554.6,1519.2,192030,0.0,binseg_l2
2021-07-29 00:00:00+00:00,1555.0,1520.4,1558.4,1515.4,509196,0.0,binseg_l2
2021-07-30 00:00:00+00:00,1517.6,1514.8,1523.2,1500.6,430831,0.0,binseg_l2
2021-08-02 00:00:00+00:00,1515.0,1506.4,1520.6,1500.4,250527,0.0,binseg_l2
2021-08-03 00:00:00+00:00,1506.4,1481.4,1508.8,1470.0,513650,0.0,binseg_l2
2021-08-04 00:00:00+00:00,1481.4,1487.8,1491.8,1478.4,205917,0.0,binseg_l2
2021-08-05 00:00:00+00:00,1495.0,1507.0,1508.0,1480.4,239710,0.0,binseg_l2
2021-08-06 00:00:00+00:00,1509.4,1506.0,1526.0,1495.6,267157,0.0,binseg_l2
2021-08-09 00:00:00+00:00,1505.0,1505.6,1521.6,1495.4,183895,0.0,binseg_l2
2021-08-10 00:00:00+00:00,1510.0,1515.0,1519.2,1502.0,253102,0.0,binseg_l2
2021-08-11 00:00:00+00:00,1518.6,1543.0,1549.0,1513.4,354239,0.0,binseg_l2
2021-08-12 00:00:00+00:00,1549.6,1536.6,1553.8,1525.8,204469,0.0,binseg_l2
2021-08-13 00:00:00+00:00,1536.6,1513.8,1539.0,1508.2,217277,0.0,binseg_l2
2021-08-16 00:00:00+00:00,1515.0,1494.0,1515.0,1486.0,301610,0.0,binseg_l2
2021-08-17 00:00:00+00:00,1485.0,1488.8,1500.0,1478.0,264190,0.0,binseg_l2
2021-08-18 00:00:00+00:00,1492.8,1482.0,1496.2,1480.0,181370,0.0,binseg_l2
2021-08-19 00:00:00+00:00,1482.0,1482.6,1487.6,1466.0,337893,0.0,binseg_l2
2021-08-20 00:00:00+00:00,1485.8,1441.6,1485.8,1438.6,466942,0.0,binseg_l2
2021-08-23 00:00:00+00:00,1443.0,1426.2,1456.4,1413.8,436939,0.0,binseg_l2
2021-08-24 00:00:00+00:00,1431.0,1436.4,1438.8,1419.0,288118,0.0,binseg_l2
2021-08-25 00:00:00+00:00,1437.0,1436.0,1449.4,1426.4,369516,0.0,binseg_l2
2021-08-26 00:00:00+00:00,1436.0,1432.2,1442.6,1421.0,208304,0.0,binseg_l2
2021-08-27 00:00:00+00:00,1432.2,1430.2,1436.0,1420.0,219026,0.0,binseg_l2
2021-08-30 00:00:00+00:00,1430.4,1436.0,1443.8,1425.2,192560,0.0,binseg_l2
2021-08-31 00:00:00+00:00,1437.0,1484.4,1486.8,1437.0,698439,0.0,binseg_l2
2021-09-01 00:00:00+00:00,1486.6,1519.0,1521.2,1469.0,602719,0.0,binseg_l2
2021-09-02 00:00:00+00:00,1509.2,1535.2,1545.2,1505.6,452279,0.0,binseg_l2
2021-09-03 00:00:00+00:00,1542.2,1541.0,1544.0,1506.0,274805,0.0,binseg_l2
2021-09-06 00:00:00+00:00,1541.0,1541.2,1561.0,1531.2,302489,0.0,binseg_l2
2021-09-07 00:00:00+00:00,1543.6,1536.0,1547.6,1512.0,296880,0.0,binseg_l2
2021-09-08 00:00:00+00:00,1544.6,1529.8,1544.6,1522.6,230198,0.0,binseg_l2
2021-09-09 00:00:00+00:00,1525.8,1514.8,1530.2,1512.2,202744,0.0,binseg_l2
2021-09-10 00:00:00+00:00,1520.8,1530.8,1534.8,1515.4,199095,0.0,binseg_l2
2021-09-13 00:00:00+00:00,1538.0,1586.4,1592.4,1530.2,613539,0.0,binseg_l2
2021-09-14 00:00:00+00:00,1590.0,1571.2,1594.8,1564.8,457850,0.0,binseg_l2
2021-09-15 00:00:00+00:00,1575.0,1557.2,1586.0,1553.4,229408,0.0,binseg_l2
2021-09-16 00:00:00+00:00,1561.4,1559.2,1572.0,1540.2,359516,0.0,binseg_l2
2021-09-17 00:00:00+00:00,1572.0,1570.4,1582.8,1558.2,340431,0.0,binseg_l2
2021-09-20 00:00:00+00:00,1570.2,1521.4,1576.2,1515.0,411410,0.0,binseg_l2
2021-09-21 00:00:00+00:00,1527.6,1535.0,1546.8,1516.2,251003,0.0,binseg_l2
2021-09-22 00:00:00+00:00,1537.0,1537.8,1540.2,1521.4,202836,0.0,binseg_l2
2021-09-23 00:00:00+00:00,1541.8,1515.0,1544.4,1501.2,356164,0.0,binseg_l2
2021-09-24 00:00:00+00:00,1513.0,1525.4,1530.0,1508.0,210065,0.0,binseg_l2
2021-09-27 00:00:00+00:00,1525.4,1487.0,1530.2,1480.8,389017,0.0,binseg_l2
2021-09-28 00:00:00+00:00,1495.0,1498.2,1516.2,1477.8,303975,0.0,binseg_l2
2021-09-29 00:00:00+00:00,1499.0,1497.2,1503.2,1488.0,133300,0.0,binseg_l2
2021-09-30 00:00:00+00:00,1503.2,1488.0,1506.2,1481.0,253373,0.0,binseg_l2
2021-10-01 00:00:00+00:00,1487.4,1481.8,1487.6,1474.0,165441,0.0,binseg_l2
2021-10-04 00:00:00+00:00,1482.0,1461.8,1487.6,1448.2,269232,0.0,binseg_l2
2021-10-05 00:00:00+00:00,1461.8,1466.0,1478.4,1437.6,298911,0.0,binseg_l2
2021-10-06 00:00:00+00:00,1466.0,1448.2,1470.4,1431.2,332159,0.0,binseg_l2
2021-10-07 00:00:00+00:00,1458.2,1495.0,1495.0,1442.8,351450,0.0,binseg_l2
2021-10-08 00:00:00+00:00,1495.6,1465.0,1498.4,1460.0,268701,0.0,binseg_l2
2021-10-11 00:00:00+00:00,1468.6,1456.6,1470.2,1438.0,308557,0.0,binseg_l2
2021-10-12 00:00:00+00:00,1456.6,1468.0,1489.2,1447.2,440592,0.0,binseg_l2
2021-10-13 00:00:00+00:00,1457.0,1473.2,1478.4,1452.6,215797,0.0,binseg_l2
2021-10-14 00:00:00+00:00,1475.0,1472.8,1486.8,1470.0,252336,0.0,binseg_l2
2021-10-15 00:00:00+00:00,1470.0,1495.0,1499.6,1468.2,281750,0.0,binseg_l2
2021-10-18 00:00:00+00:00,1498.6,1570.6,1571.0,1491.0,780976,0.0,binseg_l2
2021-10-19 00:00:00+00:00,1571.6,1573.8,1591.0,1563.4,489546,0.0,binseg_l2
2021-10-20 00:00:00+00:00,1573.2,1614.8,1619.4,1572.0,536887,0.0,binseg_l2
2021-10-21 00:00:00+00:00,1609.0,1596.2,1618.6,1586.0,368078,0.0,binseg_l2
2021-10-22 00:00:00+00:00,1600.0,1546.0,1603.0,1538.0,572301,0.0,binseg_l2
2021-10-25 00:00:00+00:00,1539.0,1547.0,1555.8,1522.0,390036,0.0,binseg_l2
2021-10-26 00:00:00+00:00,1559.0,1515.4,1559.0,1509.0,293064,0.0,binseg_l2
2021-10-27 00:00:00+00:00,1515.4,1540.2,1546.2,1502.8,382941,0.0,binseg_l2
2021-10-28 00:00:00+00:00,1539.0,1504.2,1545.2,1484.6,708776,0.0,binseg_l2
2021-10-29 00:00:00+00:00,1504.2,1461.2,1509.0,1443.6,685926,0.0,binseg_l2
2021-11-01 00:00:00+00:00,1473.0,1463.4,1473.0,1439.8,513954,0.0,binseg_l2
2021-11-02 00:00:00+00:00,1465.6,1441.4,1469.0,1434.0,404661,0.0,binseg_l2
2021-11-03 00:00:00+00:00,1443.8,1449.8,1457.4,1437.2,234897,0.0,binseg_l2
2021-11-05 00:00:00+00:00,1455.6,1438.0,1455.6,1427.0,222622,0.0,binseg_l2
2021-11-08 00:00:00+00:00,1442.0,1433.8,1457.0,1426.2,345439,0.0,binseg_l2
2021-11-09 00:00:00+00:00,1428.8,1405.0,1435.6,1400.6,566013,0.0,binseg_l2
2021-11-10 00:00:00+00:00,1408.8,1379.4,1415.6,1371.6,598314,0.0,binseg_l2
2021-11-11 00:00:00+00:00,1389.4,1391.0,1397.2,1371.2,385641,0.0,binseg_l2
2021-11-12 00:00:00+00:00,1395.0,1403.0,1413.8,1378.0,581526,0.0,binseg_l2
2021-11-15 00:00:00+00:00,1403.0,1388.8,1414.0,1384.0,314189,0.0,binseg_l2
2021-11-16 00:00:00+00:00,1394.0,1389.4,1401.0,1378.0,319393,0.0,binseg_l2
2021-11-17 00:00:00+00:00,1389.4,1380.8,1400.0,1380.2,253302,0.0,binseg_l2
2021-11-18 00:00:00+00:00,1381.6,1385.0,1398.8,1376.4,280245,0.0,binseg_l2
2021-11-19 00:00:00+00:00,1390.0,1325.8,1395.0,1320.0,1016631,0.0,binseg_l2
2021-11-22 00:00:00+00:00,1329.2,1280.0,1339.2,1259.2,1101657,0.0,binseg_l2
2021-11-23 00:00:00+00:00,1280.0,1295.0,1296.0,1256.4,764886,0.0,binseg_l2
2021-11-24 00:00:00+00:00,1305.0,1290.2,1311.8,1266.8,442539,0.0,binseg_l2
2021-11-25 00:00:00+00:00,1290.2,1279.0,1301.6,1268.2,326456,0.0,binseg_l2
2021-11-26 00:00:00+00:00,1268.6,1206.8,1268.6,1203.0,775823,0.0,binseg_l2
2021-11-29 00:00:00+00:00,1218.0,1244.8,1265.4,1212.6,661244,0.0,binseg_l2
2021-11-30 00:00:00+00:00,1210.0,1247.0,1267.4,1210.0,893846,0.0,binseg_l2
2021-12-01 00:00:00+00:00,1252.0,1264.8,1300.0,1252.0,570591,0.0,binseg_l2
2021-12-02 00:00:00+00:00,1270.4,1348.2,1378.6,1260.0,1872900,1.0,binseg_l2
2021-12-03 00:00:00+00:00,1347.0,1240.8,1347.2,1212.4,1832006,1.0,binseg_l2
2021-12-06 00:00:00+00:00,1241.2,1167.8,1272.0,1155.0,1420848,1.0,binseg_l2
2021-12-07 00:00:00+00:00,1158.6,1111.0,1173.2,1088.2,2137065,1.0,binseg_l2
2021-12-08 00:00:00+00:00,1121.6,1041.4,1129.4,1016.4,2373138,1.0,binseg_l2
2021-12-09 00:00:00+00:00,1038.4,1015.0,1042.8,1001.2,1758896,1.0,binseg_l2
2021-12-10 00:00:00+00:00,1018.4,986.6,1053.8,983.0,1406483,1.0,binseg_l2
2021-12-13 00:00:00+00:00,988.0,905.8,993.0,901.0,3176082,0.0,binseg_l2
2021-12-14 00:00:00+00:00,914.4,897.4,950.0,842.8,1784666,0.0,binseg_l2
2021-12-15 00:00:00+00:00,900.0,961.0,973.8,883.6,2233816,0.0,binseg_l2
2021-12-16 00:00:00+00:00,966.0,982.8,1019.0,951.4,2445194,0.0,binseg_l2
2021-12-17 00:00:00+00:00,983.0,962.0,1002.2,940.0,1109841,0.0,binseg_l2
2021-12-20 00:00:00+00:00,957.2,912.0,957.8,891.0,1132410,0.0,binseg_l2
2021-12-21 00:00:00+00:00,915.0,924.6,948.0,915.0,766537,0.0,binseg_l2
2021-12-22 00:00:00+00:00,924.6,912.2,929.6,895.0,917662,0.0,binseg_l2
2021-12-23 00:00:00+00:00,912.2,880.2,918.0,872.6,1592365,0.0,binseg_l2
2021-12-24 00:00:00+00:00,878.4,877.0,884.2,850.0,1703926,0.0,binseg_l2
2021-12-27 00:00:00+00:00,890.6,884.8,899.0,880.0,1105224,0.0,binseg_l2
2021-12-28 00:00:00+00:00,885.0,876.6,894.2,870.0,1012576,0.0,binseg_l2
2021-12-29 00:00:00+00:00,876.0,865.4,883.0,860.0,674634,0.0,binseg_l2
2021-12-30 00:00:00+00:00,865.4,872.4,874.0,859.4,390648,0.0,binseg_l2
2022-01-03 00:00:00+00:00,873.0,885.8,889.8,869.0,467173,0.0,binseg_l2
2022-01-04 00:00:00+00:00,888.8,874.0,888.8,865.2,580510,0.0,binseg_l2
2022-01-05 00:00:00+00:00,874.0,816.2,878.8,813.2,1320053,0.0,binseg_l2
2022-01-06 00:00:00+00:00,811.6,793.0,836.2,774.0,2257970,0.0,binseg_l2
2022-01-10 00:00:00+00:00,803.8,766.8,805.0,752.6,1333153,0.0,binseg_l2
2022-01-11 00:00:00+00:00,770.0,770.8,780.2,756.0,1341076,1.0,binseg_l2
2022-01-12 00:00:00+00:00,770.0,770.4,791.6,763.0,1678142,1.0,binseg_l2
2022-01-13 00:00:00+00:00,768.4,754.6,783.0,739.4,1510462,1.0,binseg_l2
2022-01-14 00:00:00+00:00,754.6,686.4,765.0,660.0,4354923,1.0,binseg_l2
2022-01-17 00:00:00+00:00,686.4,710.6,722.2,652.0,2462653,1.0,binseg_l2
2022-01-18 00:00:00+00:00,710.6,662.8,718.8,640.0,4019952,1.0,binseg_l2
2022-01-19 00:00:00+00:00,664.8,675.6,696.8,612.2,4361780,1.0,binseg_l2
2022-01-20 00:00:00+00:00,670.4,683.0,741.0,670.4,2822628,0.0,binseg_l2
2022-01-21 00:00:00+00:00,684.0,645.8,688.4,640.2,2457074,0.0,binseg_l2
2022-01-24 00:00:00+00:00,651.0,596.2,662.4,556.8,5354844,0.0,binseg_l2
2022-01-25 00:00:00+00:00,595.0,594.2,613.4,562.2,3143743,0.0,binseg_l2
2022-01-26 00:00:00+00:00,596.0,583.0,604.0,567.8,2970482,0.0,binseg_l2
2022-01-27 00:00:00+00:00,576.0,591.2,609.4,571.0,3583278,0.0,binseg_l2
2022-01-28 00:00:00+00:00,594.4,597.0,607.8,585.0,2296211,0.0,binseg_l2
2022-01-31 00:00:00+00:00,597.2,630.0,635.0,597.2,2904546,0.0,binseg_l2
2022-02-01 00:00:00+00:00,630.2,655.6,666.6,630.2,2948516,0.0,binseg_l2
2022-02-02 00:00:00+00:00,659.8,633.0,685.0,615.6,3000323,0.0,binseg_l2
2022-02-03 00:00:00+00:00,621.0,602.0,624.8,588.8,2683701,0.0,binseg_l2
2022-02-04 00:00:00+00:00,611.0,580.8,623.0,555.0,3017470,0.0,binseg_l2
2022-02-07 00:00:00+00:00,583.6,581.8,592.8,564.8,1389897,0.0,binseg_l2
2022-02-08 00:00:00+00:00,580.0,609.8,614.0,578.2,1416064,0.0,binseg_l2
2022-02-09 00:00:00+00:00,610.0,635.0,639.6,609.0,1495181,0.0,binseg_l2
2022-02-10 00:00:00+00:00,647.0,607.4,656.4,598.4,2668981,0.0,binseg_l2
2022-02-11 00:00:00+00:00,607.4,584.8,612.0,575.0,1772517,0.0,binseg_l2
2022-02-14 00:00:00+00:00,580.2,596.0,596.0,559.8,2040775,0.0,binseg_l2
2022-02-15 00:00:00+00:00,595.0,617.4,628.6,594.2,2075279,0.0,binseg_l2
2022-02-16 00:00:00+00:00,619.4,614.6,640.0,596.0,2152806,0.0,binseg_l2
2022-02-17 00:00:00+00:00,614.4,588.0,614.4,580.0,1613169,0.0,binseg_l2
2022-02-18 00:00:00+00:00,589.0,559.2,601.6,549.4,2193972,0.0,binseg_l2
2022-02-21 00:00:00+00:00,555.0,420.0,580.6,399.8,10780472,0.0,binseg_l2
2022-02-22 00:00:00+00:00,419.8,479.8,485.8,348.2,9240376,0.0,binseg_l2
2022-02-24 00:00:00+00:00,429.2,309.0,429.2,235.0,5107090,0.0,binseg_l2
2022-02-25 00:00:00+00:00,277.2,296.0,366.4,277.2,3471323,0.0,binseg_l2
2022-03-29 00:00:00+00:00,299.0,510.0,534.4,299.0,3667479,1.0,binseg_l2
2022-03-30 00:00:00+00:00,561.0,559.4,699.8,530.4,5857240,1.0,binseg_l2
2022-03-31 00:00:00+00:00,563.2,567.0,596.0,510.6,2594786,1.0,binseg_l2
2022-04-01 00:00:00+00:00,578.8,556.2,578.8,530.0,1244081,1.0,binseg_l2
2022-04-04 00:00:00+00:00,565.0,536.0,565.0,515.0,1126935,1.0,binseg_l2
2022-04-05 00:00:00+00:00,543.2,502.2,543.2,476.8,1307850,1.0,binseg_l2
2022-04-06 00:00:00+00:00,502.2,502.0,550.0,483.0,1799640,1.0,binseg_l2
2022-04-07 00:00:00+00:00,502.0,492.0,524.6,490.0,759243,0.0,binseg_l2
2022-04-08 00:00:00+00:00,507.0,497.8,523.0,486.0,858581,0.0,binseg_l2
2022-04-11 00:00:00+00:00,520.4,488.0,520.4,486.0,530222,0.0,binseg_l2
2022-04-12 00:00:00+00:00,489.8,468.8,490.8,454.8,530294,0.0,binseg_l2
2022-04-13 00:00:00+00:00,466.0,466.8,481.8,457.6,395456,0.0,binseg_l2
2022-04-14 00:00:00+00:00,468.0,430.2,473.6,426.0,563026,0.0,binseg_l2
2022-04-15 00:00:00+00:00,425.2,422.6,440.2,407.8,477269,0.0,binseg_l2
2022-04-18 00:00:00+00:00,424.4,426.0,467.4,423.0,927601,0.0,binseg_l2
2022-04-19 00:00:00+00:00,429.8,422.0,442.8,400.2,682818,0.0,binseg_l2
2022-04-20 00:00:00+00:00,439.0,437.8,459.6,413.0,1009035,0.0,binseg_l2
2022-04-21 00:00:00+00:00,442.6,425.4,444.4,421.6,326617,0.0,binseg_l2
2022-04-22 00:00:00+00:00,426.0,416.8,441.0,411.2,378598,0.0,binseg_l2
2022-04-25 00:00:00+00:00,410.0,370.6,425.0,360.2,847148,0.0,binseg_l2
2022-04-26 00:00:00+00:00,370.0,378.2,390.0,358.4,1101657,0.0,binseg_l2
2022-04-27 00:00:00+00:00,383.0,432.0,432.0,378.2,1701730,0.0,binseg_l2
2022-04-28 00:00:00+00:00,441.0,404.0,457.0,401.0,2922243,0.0,binseg_l2
2022-04-29 00:00:00+00:00,403.0,399.0,416.6,390.2,814792,0.0,binseg_l2
2022-05-04 00:00:00+00:00,404.0,386.8,417.8,386.0,637615,0.0,binseg_l2
2022-05-05 00:00:00+00:00,395.2,386.0,396.0,380.0,384612,0.0,binseg_l2
2022-05-06 00:00:00+00:00,388.6,374.6,388.8,370.0,325512,0.0,binseg_l2
2022-05-11 00:00:00+00:00,376.4,370.0,383.6,362.2,305207,0.0,binseg_l2
2022-05-12 00:00:00+00:00,371.4,338.4,371.4,326.4,513595,0.0,binseg_l2
2022-05-13 00:00:00+00:00,350.0,339.0,350.0,333.2,207796,0.0,binseg_l2
2022-05-16 00:00:00+00:00,347.6,349.0,355.0,341.2,286444,0.0,binseg_l2
2022-05-17 00:00:00+00:00,358.0,357.2,365.0,350.2,277619,0.0,binseg_l2
2022-05-18 00:00:00+00:00,362.8,375.2,384.4,355.4,564084,0.0,binseg_l2
2022-05-19 00:00:00+00:00,379.4,361.6,379.8,360.0,219965,0.0,binseg_l2
2022-05-20 00:00:00+00:00,363.0,350.2,370.0,349.0,331612,0.0,binseg_l2
2022-05-23 00:00:00+00:00,359.0,345.0,368.8,341.0,288453,0.0,binseg_l2
2022-05-24 00:00:00+00:00,349.2,335.6,349.2,324.0,265400,0.0,binseg_l2
2022-05-25 00:00:00+00:00,340.4,344.8,344.8,335.6,173362,0.0,binseg_l2
2022-05-26 00:00:00+00:00,346.8,351.4,364.4,345.0,425051,0.0,binseg_l2
2022-05-27 00:00:00+00:00,352.0,347.0,357.0,342.2,245372,0.0,binseg_l2
2022-05-30 00:00:00+00:00,348.8,340.2,357.8,340.0,254840,0.0,binseg_l2
2022-05-31 00:00:00+00:00,333.0,336.0,343.0,331.6,211659,0.0,binseg_l2
2022-06-01 00:00:00+00:00,358.2,333.4,358.2,331.0,264896,0.0,binseg_l2
2022-06-02 00:00:00+00:00,333.4,328.8,337.4,325.2,289727,0.0,binseg_l2
2022-06-03 00:00:00+00:00,330.0,307.8,330.6,303.8,567620,0.0,binseg_l2
2022-06-06 00:00:00+00:00,307.8,288.0,308.0,285.0,818314,0.0,binseg_l2
2022-06-07 00:00:00+00:00,280.2,280.2,289.2,266.0,764198,0.0,binseg_l2
2022-06-08 00:00:00+00:00,283.4,290.0,296.8,283.4,405209,0.0,binseg_l2
2022-06-09 00:00:00+00:00,285.4,279.0,288.8,275.8,312278,0.0,binseg_l2
2022-06-10 00:00:00+00:00,279.0,280.0,284.4,270.2,257015,0.0,binseg_l2
2022-06-14 00:00:00+00:00,275.0,269.0,278.8,257.4,351296,0.0,binseg_l2
2022-06-15 00:00:00+00:00,275.0,300.8,305.0,271.2,1715290,0.0,binseg_l2
2022-06-16 00:00:00+00:00,307.2,313.6,322.8,301.2,1315910,0.0,binseg_l2
2022-06-17 00:00:00+00:00,318.6,308.0,322.2,303.0,637630,0.0,binseg_l2
2022-06-20 00:00:00+00:00,310.0,310.0,315.8,302.2,366000,0.0,binseg_l2
2022-06-21 00:00:00+00:00,313.0,300.0,313.2,292.0,348681,0.0,binseg_l2
2022-06-22 00:00:00+00:00,297.8,292.8,297.8,287.4,233232,0.0,binseg_l2
2022-06-23 00:00:00+00:00,298.0,310.6,314.4,290.4,856148,0.0,binseg_l2
2022-06-24 00:00:00+00:00,312.0,302.8,312.0,297.8,354393,0.0,binseg_l2
2022-06-27 00:00:00+00:00,300.0,316.2,318.4,300.0,684333,0.0,binseg_l2
2022-06-28 00:00:00+00:00,316.0,338.4,339.0,315.0,1129782,0.0,binseg_l2
2022-06-29 00:00:00+00:00,339.0,324.0,339.4,317.0,515303,0.0,binseg_l2
2022-06-30 00:00:00+00:00,324.6,302.4,330.0,292.0,729514,0.0,binseg_l2
2022-07-01 00:00:00+00:00,300.0,303.0,308.6,292.0,333868,0.0,binseg_l2
2022-07-04 00:00:00+00:00,303.0,315.6,325.0,301.6,651686,0.0,binseg_l2
2022-07-05 00:00:00+00:00,319.0,314.8,321.2,308.0,331033,0.0,binseg_l2
2022-07-06 00:00:00+00:00,312.8,321.0,335.2,310.6,1385929,0.0,binseg_l2
2022-07-07 00:00:00+00:00,326.0,332.8,332.8,321.8,534852,0.0,binseg_l2
2022-07-08 00:00:00+00:00,335.0,328.8,341.6,323.2,460014,0.0,binseg_l2
2022-07-11 00:00:00+00:00,329.8,323.0,332.8,321.0,239854,0.0,binseg_l2
2022-07-12 00:00:00+00:00,321.8,319.8,322.8,304.2,450788,0.0,binseg_l2
2022-07-13 00:00:00+00:00,320.8,307.8,323.8,301.0,463412,0.0,binseg_l2
2022-07-14 00:00:00+00:00,305.2,300.8,312.2,297.0,302790,0.0,binseg_l2
2022-07-15 00:00:00+00:00,303.0,307.6,311.6,301.0,327985,0.0,binseg_l2
2022-07-18 00:00:00+00:00,312.2,322.2,327.0,306.0,507813,0.0,binseg_l2
2022-07-19 00:00:00+00:00,325.4,319.6,325.8,311.4,227655,0.0,binseg_l2
2022-07-20 00:00:00+00:00,321.0,315.8,326.0,315.0,431668,0.0,binseg_l2
2022-07-21 00:00:00+00:00,317.8,311.4,319.0,306.2,273588,0.0,binseg_l2
2022-07-22 00:00:00+00:00,312.8,318.2,321.2,312.0,204896,0.0,binseg_l2
2022-07-25 00:00:00+00:00,322.0,360.2,360.2,315.6,2029269,0.0,binseg_l2
2022-07-26 00:00:00+00:00,362.2,410.0,410.0,361.0,3715573,0.0,binseg_l2
2022-07-27 00:00:00+00:00,416.0,400.0,424.0,390.0,2157313,0.0,binseg_l2
2022-07-28 00:00:00+00:00,402.4,414.4,420.0,392.4,1929043,0.0,binseg_l2
2022-07-29 00:00:00+00:00,415.8,409.0,419.2,399.0,1175305,0.0,binseg_l2
2022-08-01 00:00:00+00:00,409.0,391.0,413.0,385.0,748549,0.0,binseg_l2
2022-08-02 00:00:00+00:00,388.2,365.6,390.4,365.2,735640,0.0,binseg_l2
2022-08-03 00:00:00+00:00,365.2,402.4,402.4,365.2,1307270,0.0,binseg_l2
2022-08-04 00:00:00+00:00,409.6,413.8,431.4,407.0,2070584,0.0,binseg_l2
2022-08-05 00:00:00+00:00,415.6,387.6,421.2,383.2,1293170,0.0,binseg_l2
2022-08-08 00:00:00+00:00,419.0,411.8,419.6,401.4,788843,0.0,binseg_l2
2022-08-09 00:00:00+00:00,415.8,444.0,448.0,402.0,2027256,0.0,binseg_l2
2022-08-10 00:00:00+00:00,450.0,461.0,482.0,443.0,3115039,0.0,binseg_l2
2022-08-11 00:00:00+00:00,455.0,407.0,455.0,405.2,3575140,0.0,binseg_l2
2022-08-12 00:00:00+00:00,404.4,418.0,425.0,391.2,1948852,0.0,binseg_l2
2022-08-15 00:00:00+00:00,414.2,411.0,423.8,404.4,740039,0.0,binseg_l2
2022-08-16 00:00:00+00:00,414.0,413.8,415.6,407.0,485677,0.0,binseg_l2
2022-08-17 00:00:00+00:00,425.0,419.6,433.0,416.4,983774,0.0,binseg_l2
2022-08-18 00:00:00+00:00,422.0,416.2,422.0,411.4,263512,0.0,binseg_l2
2022-08-19 00:00:00+00:00,413.0,414.4,414.8,404.0,355891,0.0,binseg_l2
2022-08-22 00:00:00+00:00,415.0,421.8,430.2,410.2,774469,0.0,binseg_l2
2022-08-23 00:00:00+00:00,426.8,447.8,447.8,419.2,1435798,0.0,binseg_l2
2022-08-24 00:00:00+00:00,447.8,429.0,449.6,425.2,872404,0.0,binseg_l2
2022-08-25 00:00:00+00:00,430.0,433.2,440.0,430.0,365374,0.0,binseg_l2
2022-08-26 00:00:00+00:00,435.4,436.8,437.6,430.4,184323,0.0,binseg_l2
2022-08-29 00:00:00+00:00,435.2,433.0,439.8,426.2,410265,0.0,binseg_l2
2022-08-30 00:00:00+00:00,433.0,429.2,438.0,425.4,573676,0.0,binseg_l2
2022-08-31 00:00:00+00:00,428.0,428.0,441.0,412.2,594052,0.0,binseg_l2
2022-09-01 00:00:00+00:00,430.0,422.0,430.0,420.2,291722,0.0,binseg_l2
2022-09-02 00:00:00+00:00,422.4,419.6,424.0,415.0,435453,0.0,binseg_l2
2022-09-05 00:00:00+00:00,422.8,431.6,437.4,417.6,704327,0.0,binseg_l2
2022-09-06 00:00:00+00:00,434.8,418.0,436.0,400.6,1013966,0.0,binseg_l2
2022-09-07 00:00:00+00:00,422.0,422.0,433.8,417.6,678292,0.0,binseg_l2
2022-09-08 00:00:00+00:00,421.0,423.0,429.8,418.2,404964,0.0,binseg_l2
2022-09-09 00:00:00+00:00,425.0,437.0,439.8,424.0,697792,0.0,binseg_l2
2022-09-12 00:00:00+00:00,438.4,468.0,473.8,430.2,2096948,0.0,binseg_l2
2022-09-13 00:00:00+00:00,469.8,461.8,474.2,455.8,1020722,0.0,binseg_l2
2022-09-14 00:00:00+00:00,460.0,464.8,467.6,451.0,673772,0.0,binseg_l2
2022-09-15 00:00:00+00:00,467.0,484.6,487.8,466.0,1316707,0.0,binseg_l2
2022-09-16 00:00:00+00:00,487.2,510.0,514.6,481.0,2604843,0.0,binseg_l2
2022-09-19 00:00:00+00:00,512.0,550.2,550.2,507.0,3693252,0.0,binseg_l2
2022-09-20 00:00:00+00:00,550.2,493.0,559.6,460.2,12851883,0.0,binseg_l2
2022-09-21 00:00:00+00:00,441.0,447.6,484.4,416.0,4887781,0.0,binseg_l2
2022-09-22 00:00:00+00:00,448.0,469.6,477.8,448.0,3120356,0.0,binseg_l2
2022-09-23 00:00:00+00:00,470.0,419.8,472.8,406.8,3561580,0.0,binseg_l2
2022-09-26 00:00:00+00:00,414.2,330.2,414.2,330.2,6706124,0.0,binseg_l2
2022-09-27 00:00:00+00:00,335.0,375.4,382.2,318.4,7399934,0.0,binseg_l2
2022-09-28 00:00:00+00:00,374.0,362.0,389.4,345.0,5128218,0.0,binseg_l2
2022-09-29 00:00:00+00:00,366.8,356.0,373.8,346.2,3063942,0.0,binseg_l2
2022-09-30 00:00:00+00:00,357.0,363.2,370.0,329.0,2945411,0.0,binseg_l2
2022-10-03 00:00:00+00:00,370.8,392.2,394.4,366.0,2922100,0.0,binseg_l2
2022-10-04 00:00:00+00:00,396.0,390.4,405.8,384.2,3642718,0.0,binseg_l2
2022-10-05 00:00:00+00:00,387.4,390.0,394.0,365.2,2568761,0.0,binseg_l2
2022-10-06 00:00:00+00:00,394.4,386.4,399.0,385.2,1382477,0.0,binseg_l2
2022-10-07 00:00:00+00:00,386.4,360.8,387.2,358.8,1534197,0.0,binseg_l2
2022-10-10 00:00:00+00:00,339.0,382.4,383.6,336.6,2348758,0.0,binseg_l2
2022-10-11 00:00:00+00:00,383.8,403.4,408.4,380.8,1680402,0.0,binseg_l2
2022-10-12 00:00:00+00:00,404.0,427.6,434.0,398.0,3046698,0.0,binseg_l2
2022-10-13 00:00:00+00:00,428.2,440.0,441.2,418.2,1966426,0.0,binseg_l2
2022-10-14 00:00:00+00:00,450.0,439.0,451.8,426.2,1846598,0.0,binseg_l2
2022-10-17 00:00:00+00:00,442.2,455.2,457.8,440.2,1738231,0.0,binseg_l2
2022-10-18 00:00:00+00:00,458.6,429.2,460.0,425.2,2215064,0.0,binseg_l2
2022-10-19 00:00:00+00:00,428.8,436.0,439.6,414.0,2590034,0.0,binseg_l2
2022-10-20 00:00:00+00:00,444.0,435.0,447.0,430.4,1208941,0.0,binseg_l2
2022-10-21 00:00:00+00:00,435.8,440.6,442.0,426.0,787196,0.0,binseg_l2
2022-10-24 00:00:00+00:00,445.6,437.6,448.0,433.0,637059,0.0,binseg_l2
2022-10-25 00:00:00+00:00,434.8,448.2,452.8,418.6,1285990,0.0,binseg_l2
2022-10-26 00:00:00+00:00,448.6,450.2,453.4,443.6,807644,0.0,binseg_l2
2022-10-27 00:00:00+00:00,452.0,446.2,456.8,438.6,944884,0.0,binseg_l2
2022-10-28 00:00:00+00:00,444.8,446.4,450.8,430.8,785869,0.0,binseg_l2
2022-10-31 00:00:00+00:00,450.8,453.0,455.0,445.0,556401,0.0,binseg_l2
2022-11-01 00:00:00+00:00,455.0,468.8,468.8,453.2,1510895,0.0,binseg_l2
2022-11-02 00:00:00+00:00,470.0,449.6,472.0,442.0,1266168,0.0,binseg_l2
2022-11-03 00:00:00+00:00,446.2,455.4,458.4,438.2,1046978,0.0,binseg_l2
2022-11-07 00:00:00+00:00,464.2,469.8,470.2,459.0,870267,0.0,binseg_l2
2022-11-08 00:00:00+00:00,470.4,476.2,479.6,462.4,960337,0.0,binseg_l2
2022-11-09 00:00:00+00:00,476.8,464.0,485.8,442.2,2020055,0.0,binseg_l2
2022-11-10 00:00:00+00:00,468.0,502.4,506.8,466.4,3893006,0.0,binseg_l2
2022-11-11 00:00:00+00:00,504.8,499.8,506.4,490.0,1109141,0.0,binseg_l2
2022-11-14 00:00:00+00:00,501.4,521.0,532.0,496.0,1605923,0.0,binseg_l2
2022-11-15 00:00:00+00:00,522.0,497.8,528.6,472.2,3068220,0.0,binseg_l2
2022-11-16 00:00:00+00:00,501.0,508.0,512.0,495.6,897824,0.0,binseg_l2
2022-11-17 00:00:00+00:00,509.8,505.2,518.6,495.8,929607,0.0,binseg_l2
2022-11-18 00:00:00+00:00,501.2,502.4,510.8,498.0,615230,0.0,binseg_l2
2022-11-21 00:00:00+00:00,502.4,489.8,502.4,481.6,1001122,0.0,binseg_l2
2022-11-22 00:00:00+00:00,489.0,501.2,506.8,486.4,1083592,0.0,binseg_l2
2022-11-23 00:00:00+00:00,501.2,505.6,509.0,496.0,754520,0.0,binseg_l2
2022-11-24 00:00:00+00:00,505.8,506.6,510.6,501.2,486475,0.0,binseg_l2
2022-11-25 00:00:00+00:00,506.8,498.8,507.0,497.2,348508,0.0,binseg_l2
2022-11-28 00:00:00+00:00,495.4,495.8,500.2,490.4,519655,0.0,binseg_l2
2022-11-29 00:00:00+00:00,497.0,499.4,502.8,496.6,273243,0.0,binseg_l2
2022-11-30 00:00:00+00:00,499.4,506.4,510.0,496.2,298049,0.0,binseg_l2
2022-12-01 00:00:00+00:00,508.2,501.8,509.0,498.2,320654,0.0,binseg_l2
2022-12-02 00:00:00+00:00,502.4,496.6,502.4,492.2,372169,0.0,binseg_l2
2022-12-05 00:00:00+00:00,496.0,498.2,503.4,492.2,364516,0.0,binseg_l2
2022-12-06 00:00:00+00:00,498.2,487.8,499.6,470.0,480265,0.0,binseg_l2
2022-12-07 00:00:00+00:00,484.2,484.6,486.8,477.6,495432,0.0,binseg_l2
2022-12-08 00:00:00+00:00,484.6,474.4,488.0,471.4,618495,0.0,binseg_l2
2022-12-09 00:00:00+00:00,473.4,471.2,482.8,470.2,341788,0.0,binseg_l2
2022-12-12 00:00:00+00:00,471.6,468.2,474.2,460.2,365628,0.0,binseg_l2
2022-12-13 00:00:00+00:00,469.8,463.6,470.0,458.0,356122,0.0,binseg_l2
2022-12-14 00:00:00+00:00,465.0,443.0,465.0,438.4,979518,0.0,binseg_l2
2022-12-15 00:00:00+00:00,442.0,441.2,448.0,428.0,1089337,0.0,binseg_l2
2022-12-16 00:00:00+00:00,441.2,442.6,446.8,438.0,313857,0.0,binseg_l2
2022-12-19 00:00:00+00:00,443.0,433.4,443.4,428.0,762319,0.0,binseg_l2
2022-12-20 00:00:00+00:00,430.0,449.4,452.2,428.8,830083,0.0,binseg_l2
2022-12-21 00:00:00+00:00,454.8,440.0,455.0,434.0,783566,0.0,binseg_l2
2022-12-22 00:00:00+00:00,440.0,460.8,462.6,436.0,820814,0.0,binseg_l2
2022-12-23 00:00:00+00:00,458.4,451.0,469.0,448.6,964589,0.0,binseg_l2
2022-12-26 00:00:00+00:00,451.2,452.6,457.6,445.0,454305,0.0,binseg_l2
2022-12-27 00:00:00+00:00,454.8,453.2,457.2,449.0,413797,0.0,binseg_l2
2022-12-28 00:00:00+00:00,453.2,440.6,453.6,438.4,432375,0.0,binseg_l2
2022-12-29 00:00:00+00:00,440.0,441.6,446.4,437.2,362191,0.0,binseg_l2
2022-12-30 00:00:00+00:00,440.0,437.0,442.6,432.6,388327,0.0,binseg_l2
2023-01-03 00:00:00+00:00,438.2,446.8,454.6,435.8,323261,0.0,binseg_l2
2023-01-04 00:00:00+00:00,448.0,451.2,459.4,442.6,343396,0.0,binseg_l2
2023-01-05 00:00:00+00:00,453.0,450.6,456.4,450.0,279754,0.0,binseg_l2
2023-01-06 00:00:00+00:00,450.6,446.6,451.0,442.4,154080,0.0,binseg_l2
2023-01-09 00:00:00+00:00,449.0,451.0,453.4,446.6,190471,0.0,binseg_l2
2023-01-10 00:00:00+00:00,451.0,449.8,451.0,445.8,174875,0.0,binseg_l2
2023-01-11 00:00:00+00:00,451.0,462.8,466.0,450.0,846597,0.0,binseg_l2
2023-01-12 00:00:00+00:00,463.2,469.4,472.0,457.0,469920,0.0,binseg_l2
2023-01-13 00:00:00+00:00,469.8,473.4,476.4,466.0,563920,0.0,binseg_l2
2023-01-16 00:00:00+00:00,479.8,489.8,491.8,476.4,947086,0.0,binseg_l2
2023-01-17 00:00:00+00:00,490.6,474.2,492.0,471.0,941143,0.0,binseg_l2
2023-01-18 00:00:00+00:00,477.4,476.8,483.2,465.0,594338,0.0,binseg_l2
2023-01-19 00:00:00+00:00,475.0,467.6,480.0,466.8,382928,0.0,binseg_l2
2023-01-20 00:00:00+00:00,469.6,468.2,472.2,461.0,273058,0.0,binseg_l2
2023-01-23 00:00:00+00:00,469.8,482.0,482.8,469.0,584566,0.0,binseg_l2
2023-01-24 00:00:00+00:00,484.6,474.4,484.8,473.0,465777,0.0,binseg_l2
2023-01-25 00:00:00+00:00,472.6,478.4,478.4,471.0,296567,0.0,binseg_l2
2023-01-26 00:00:00+00:00,479.0,476.2,480.0,474.0,163569,0.0,binseg_l2
2023-01-27 00:00:00+00:00,476.2,475.0,480.0,468.2,331788,0.0,binseg_l2
2023-01-30 00:00:00+00:00,478.0,482.2,483.2,474.2,412726,0.0,binseg_l2
2023-01-31 00:00:00+00:00,483.8,488.2,492.6,482.2,942880,0.0,binseg_l2
2023-02-01 00:00:00+00:00,490.6,488.8,497.0,480.2,935261,0.0,binseg_l2
2023-02-02 00:00:00+00:00,495.8,492.0,501.0,486.6,616337,0.0,binseg_l2
2023-02-03 00:00:00+00:00,491.8,485.2,491.8,481.6,343044,0.0,binseg_l2
2023-02-06 00:00:00+00:00,485.4,493.4,495.0,485.4,355298,0.0,binseg_l2
2023-02-07 00:00:00+00:00,493.4,490.8,499.4,487.2,467984,0.0,binseg_l2
2023-02-08 00:00:00+00:00,491.6,487.6,491.8,480.8,419040,0.0,binseg_l2
2023-02-09 00:00:00+00:00,485.6,482.0,487.6,476.0,363299,0.0,binseg_l2
2023-02-10 00:00:00+00:00,480.0,481.0,482.2,478.2,170625,0.0,binseg_l2
2023-02-13 00:00:00+00:00,484.0,482.4,490.8,481.2,382457,0.0,binseg_l2
2023-02-14 00:00:00+00:00,482.4,485.6,505.0,482.4,2532675,0.0,binseg_l2
2023-02-15 00:00:00+00:00,482.2,460.0,483.4,451.0,2308341,0.0,binseg_l2
2023-02-16 00:00:00+00:00,462.0,456.4,468.8,452.0,747940,0.0,binseg_l2
2023-02-17 00:00:00+00:00,455.0,456.4,461.0,451.2,442887,0.0,binseg_l2
2023-02-20 00:00:00+00:00,460.2,456.4,460.6,446.0,583342,0.0,binseg_l2
2023-02-21 00:00:00+00:00,460.0,468.2,479.8,457.2,941531,0.0,binseg_l2
2023-02-22 00:00:00+00:00,470.0,465.4,470.4,463.2,232083,0.0,binseg_l2
2023-02-24 00:00:00+00:00,465.0,473.4,473.6,464.4,413348,0.0,binseg_l2
2023-02-27 00:00:00+00:00,460.0,476.6,479.4,452.2,835523,0.0,binseg_l2
2023-02-28 00:00:00+00:00,479.6,475.6,482.2,471.0,496786,0.0,binseg_l2
2023-03-01 00:00:00+00:00,479.0,487.2,490.8,476.0,1282936,0.0,binseg_l2
2023-03-02 00:00:00+00:00,489.0,475.2,489.0,468.0,843019,0.0,binseg_l2
2023-03-03 00:00:00+00:00,475.6,479.8,481.8,475.6,315927,0.0,binseg_l2
2023-03-06 00:00:00+00:00,483.6,489.8,490.0,482.2,353188,0.0,binseg_l2
2023-03-07 00:00:00+00:00,491.0,486.8,492.8,483.2,288796,0.0,binseg_l2
2023-03-09 00:00:00+00:00,486.6,488.6,489.6,479.0,448141,0.0,binseg_l2
2023-03-10 00:00:00+00:00,486.0,485.6,487.8,481.8,313702,0.0,binseg_l2
2023-03-13 00:00:00+00:00,485.6,497.8,502.2,485.6,1172165,0.0,binseg_l2
2023-03-14 00:00:00+00:00,499.6,507.2,514.0,498.0,1396888,0.0,binseg_l2
2023-03-15 00:00:00+00:00,508.0,501.2,512.0,497.6,1091340,0.0,binseg_l2
2023-03-16 00:00:00+00:00,502.4,485.2,507.2,477.4,1908825,0.0,binseg_l2
2023-03-17 00:00:00+00:00,486.0,482.4,490.4,479.2,726767,0.0,binseg_l2
2023-03-20 00:00:00+00:00,482.0,484.2,485.8,475.0,747903,0.0,binseg_l2
2023-03-21 00:00:00+00:00,484.8,480.6,488.0,476.0,602523,0.0,binseg_l2
2023-03-22 00:00:00+00:00,480.0,478.0,481.0,475.2,260841,0.0,binseg_l2
2023-03-23 00:00:00+00:00,478.0,478.0,480.4,477.2,118367,0.0,binseg_l2
2023-03-24 00:00:00+00:00,480.0,478.8,480.0,477.4,175554,0.0,binseg_l2
2023-03-27 00:00:00+00:00,479.4,485.6,486.0,479.0,413856,0.0,binseg_l2
2023-03-28 00:00:00+00:00,489.0,483.2,491.6,480.2,531936,0.0,binseg_l2
2023-03-29 00:00:00+00:00,485.0,483.4,485.6,480.2,328549,0.0,binseg_l2
2023-03-30 00:00:00+00:00,483.4,485.6,487.6,481.2,300522,0.0,binseg_l2
2023-03-31 00:00:00+00:00,487.0,480.8,487.4,477.0,542396,0.0,binseg_l2
2023-04-03 00:00:00+00:00,482.0,481.6,485.2,476.4,339958,0.0,binseg_l2
2023-04-04 00:00:00+00:00,481.8,471.4,482.2,468.0,1186039,0.0,binseg_l2
2023-04-05 00:00:00+00:00,473.6,467.8,473.6,463.4,766026,0.0,binseg_l2
2023-04-06 00:00:00+00:00,471.0,464.0,471.0,461.6,777783,0.0,binseg_l2
2023-04-07 00:00:00+00:00,463.6,461.2,465.4,459.0,833692,0.0,binseg_l2
2023-04-10 00:00:00+00:00,461.6,478.6,478.8,461.0,1486565,0.0,binseg_l2
2023-04-11 00:00:00+00:00,480.0,467.0,484.0,463.0,1690649,0.0,binseg_l2
2023-04-12 00:00:00+00:00,468.0,474.4,480.0,465.2,828416,0.0,binseg_l2
2023-04-13 00:00:00+00:00,475.0,470.6,477.6,467.6,342225,0.0,binseg_l2
2023-04-14 00:00:00+00:00,471.0,471.6,471.6,467.2,247233,0.0,binseg_l2
2023-04-17 00:00:00+00:00,475.0,476.4,477.8,471.0,454761,0.0,binseg_l2
2023-04-18 00:00:00+00:00,479.6,484.6,485.6,474.0,1165664,0.0,binseg_l2
2023-04-19 00:00:00+00:00,486.0,471.6,486.6,446.0,1293105,0.0,binseg_l2
2023-04-20 00:00:00+00:00,474.6,479.6,480.8,466.2,740281,0.0,binseg_l2
2023-04-21 00:00:00+00:00,480.4,480.6,484.0,477.6,722214,0.0,binseg_l2
2023-04-24 00:00:00+00:00,480.6,478.8,485.8,475.0,578728,0.0,binseg_l2
2023-04-25 00:00:00+00:00,480.0,478.6,480.8,476.0,332490,0.0,binseg_l2
2023-04-26 00:00:00+00:00,478.6,487.6,493.4,477.0,1741118,0.0,binseg_l2
2023-04-27 00:00:00+00:00,490.0,501.8,501.8,486.0,2435254,0.0,binseg_l2
2023-04-28 00:00:00+00:00,503.2,496.6,506.4,490.8,1226707,0.0,binseg_l2
2023-05-02 00:00:00+00:00,497.0,484.2,504.2,476.0,1189250,0.0,binseg_l2
2023-05-03 00:00:00+00:00,484.4,462.8,485.6,462.8,1072678,0.0,binseg_l2
2023-05-04 00:00:00+00:00,464.0,472.2,475.8,464.0,427376,0.0,binseg_l2
2023-05-05 00:00:00+00:00,473.8,474.6,489.2,470.0,1850896,0.0,binseg_l2
2023-05-08 00:00:00+00:00,477.4,467.0,481.2,465.2,298762,0.0,binseg_l2
2023-05-10 00:00:00+00:00,470.6,488.4,489.8,470.6,1136575,1.0,binseg_l2
2023-05-11 00:00:00+00:00,490.6,479.0,494.6,467.0,1387693,1.0,binseg_l2
2023-05-12 00:00:00+00:00,482.0,486.2,488.0,475.2,644278,1.0,binseg_l2
2023-05-15 00:00:00+00:00,492.2,516.6,516.8,490.4,4168186,1.0,binseg_l2
2023-05-16 00:00:00+00:00,518.4,512.4,518.6,507.2,1448810,1.0,binseg_l2
2023-05-17 00:00:00+00:00,512.8,512.0,514.8,505.2,717476,1.0,binseg_l2
2023-05-18 00:00:00+00:00,513.0,509.6,518.0,507.8,1117468,1.0,binseg_l2
2023-05-19 00:00:00+00:00,509.6,540.4,544.4,507.2,4423397,0.0,binseg_l2
2023-05-22 00:00:00+00:00,548.2,534.8,553.0,522.8,2339996,0.0,binseg_l2
2023-05-23 00:00:00+00:00,539.2,532.4,540.4,523.4,918633,0.0,binseg_l2
2023-05-24 00:00:00+00:00,535.0,543.0,546.6,528.0,1233919,0.0,binseg_l2
2023-05-25 00:00:00+00:00,544.2,541.6,544.8,526.4,1104524,0.0,binseg_l2
2023-05-26 00:00:00+00:00,541.6,559.4,561.4,537.2,2517770,0.0,binseg_l2
2023-05-29 00:00:00+00:00,563.6,591.6,596.2,561.4,3525150,0.0,binseg_l2
2023-05-30 00:00:00+00:00,585.0,573.0,594.6,565.6,2347967,0.0,binseg_l2
2023-05-31 00:00:00+00:00,570.0,574.8,582.6,561.8,1408605,0.0,binseg_l2
2023-06-01 00:00:00+00:00,575.0,572.4,584.4,568.0,1158111,0.0,binseg_l2
2023-06-02 00:00:00+00:00,576.0,618.6,623.4,573.2,3492125,0.0,binseg_l2
2023-06-05 00:00:00+00:00,621.8,612.0,652.0,606.0,6069086,0.0,binseg_l2
2023-06-06 00:00:00+00:00,610.0,629.8,637.4,592.2,3519634,0.0,binseg_l2
2023-06-07 00:00:00+00:00,634.0,633.6,642.8,626.4,1998417,0.0,binseg_l2
2023-06-08 00:00:00+00:00,633.6,641.4,648.4,628.0,1740190,0.0,binseg_l2
2023-06-09 00:00:00+00:00,645.0,635.8,647.8,632.2,1112306,0.0,binseg_l2
2023-06-13 00:00:00+00:00,637.8,634.4,640.0,623.4,1359994,0.0,binseg_l2
2023-06-14 00:00:00+00:00,638.0,630.0,638.2,627.0,702544,0.0,binseg_l2
2023-06-15 00:00:00+00:00,629.8,623.8,632.8,620.2,975536,0.0,binseg_l2
2023-06-16 00:00:00+00:00,624.6,618.8,626.8,611.2,1253089,0.0,binseg_l2
2023-06-19 00:00:00+00:00,623.0,621.6,630.0,615.6,910919,0.0,binseg_l2
2023-06-20 00:00:00+00:00,622.0,628.2,631.0,605.2,1569801,0.0,binseg_l2
2023-06-21 00:00:00+00:00,629.0,641.4,644.0,626.2,2003800,0.0,binseg_l2
2023-06-22 00:00:00+00:00,641.4,623.2,647.0,622.2,1235392,0.0,binseg_l2
2023-06-23 00:00:00+00:00,624.0,613.8,651.0,607.0,4989800,0.0,binseg_l2
2023-06-26 00:00:00+00:00,627.8,617.2,633.4,590.0,2921487,0.0,binseg_l2
2023-06-27 00:00:00+00:00,620.0,626.6,635.0,617.8,1274114,0.0,binseg_l2
2023-06-28 00:00:00+00:00,630.2,625.2,634.0,620.8,719699,0.0,binseg_l2
2023-06-29 00:00:00+00:00,625.6,622.6,627.6,621.2,390703,0.0,binseg_l2
2023-06-30 00:00:00+00:00,623.0,613.0,624.8,610.0,626905,0.0,binseg_l2
2023-07-03 00:00:00+00:00,612.8,610.2,617.6,605.4,576331,0.0,binseg_l2
2023-07-04 00:00:00+00:00,610.2,602.8,615.0,598.6,821309,0.0,binseg_l2
2023-07-05 00:00:00+00:00,605.2,605.2,611.0,602.6,530916,0.0,binseg_l2
2023-07-06 00:00:00+00:00,607.0,607.0,613.8,603.2,428206,0.0,binseg_l2
2023-07-07 00:00:00+00:00,606.0,605.8,609.0,602.4,335160,0.0,binseg_l2
2023-07-10 00:00:00+00:00,606.0,616.0,620.0,606.0,773001,0.0,binseg_l2
2023-07-11 00:00:00+00:00,618.0,622.8,623.0,610.6,601929,0.0,binseg_l2
2023-07-12 00:00:00+00:00,624.2,628.6,632.8,620.4,1056720,0.0,binseg_l2
2023-07-13 00:00:00+00:00,629.2,640.6,640.8,617.4,1903078,0.0,binseg_l2
2023-07-14 00:00:00+00:00,640.8,661.4,664.0,638.0,4716581,0.0,binseg_l2
2023-07-17 00:00:00+00:00,656.0,684.6,685.8,650.0,3389133,0.0,binseg_l2
2023-07-18 00:00:00+00:00,684.6,676.8,688.0,671.8,1684450,0.0,binseg_l2
2023-07-19 00:00:00+00:00,674.8,669.2,678.6,665.2,978449,0.0,binseg_l2
2023-07-20 00:00:00+00:00,669.0,658.6,680.0,655.2,1977259,0.0,binseg_l2
2023-07-21 00:00:00+00:00,660.0,671.4,671.8,657.6,993695,0.0,binseg_l2
2023-07-24 00:00:00+00:00,671.6,681.6,687.0,668.0,1468865,0.0,binseg_l2
2023-07-25 00:00:00+00:00,684.6,679.8,684.8,674.0,793455,0.0,binseg_l2
2023-07-26 00:00:00+00:00,680.0,676.2,680.0,670.8,667905,0.0,binseg_l2
2023-07-27 00:00:00+00:00,678.8,697.4,701.0,676.4,2687584,0.0,binseg_l2
2023-07-28 00:00:00+00:00,699.0,721.4,723.0,697.0,2351926,0.0,binseg_l2
2023-07-31 00:00:00+00:00,724.8,716.6,734.0,710.6,2480311,0.0,binseg_l2
2023-08-01 00:00:00+00:00,719.0,729.6,738.0,711.2,2066257,0.0,binseg_l2
2023-08-02 00:00:00+00:00,729.8,723.0,737.6,712.0,1187330,0.0,binseg_l2
2023-08-03 00:00:00+00:00,724.8,747.8,752.0,717.2,1936295,0.0,binseg_l2
2023-08-04 00:00:00+00:00,753.0,729.8,767.8,680.6,4332946,0.0,binseg_l2
2023-08-07 00:00:00+00:00,733.2,721.8,753.0,706.2,2290857,0.0,binseg_l2
2023-08-08 00:00:00+00:00,721.8,731.0,734.0,697.0,2149998,0.0,binseg_l2
2023-08-09 00:00:00+00:00,735.0,782.0,783.0,725.8,2993982,0.0,binseg_l2
2023-08-10 00:00:00+00:00,795.0,761.6,799.8,750.6,5634868,0.0,binseg_l2
2023-08-11 00:00:00+00:00,759.2,772.2,783.0,756.0,4901747,0.0,binseg_l2
2023-08-14 00:00:00+00:00,778.6,734.4,779.0,732.0,2759667,0.0,binseg_l2
2023-08-15 00:00:00+00:00,730.2,737.8,760.0,720.0,1871137,0.0,binseg_l2
2023-08-16 00:00:00+00:00,736.0,709.8,746.6,701.2,2888115,0.0,binseg_l2
2023-08-17 00:00:00+00:00,718.0,719.8,721.8,706.8,1454201,0.0,binseg_l2
2023-08-18 00:00:00+00:00,721.0,724.4,728.6,710.4,996375,0.0,binseg_l2
2023-08-21 00:00:00+00:00,730.0,754.6,756.6,728.0,1875340,0.0,binseg_l2
2023-08-22 00:00:00+00:00,755.4,743.0,757.2,737.8,1234545,0.0,binseg_l2
2023-08-23 00:00:00+00:00,746.6,712.4,746.8,706.8,3160843,0.0,binseg_l2
2023-08-24 00:00:00+00:00,721.0,730.2,734.4,715.8,1014884,0.0,binseg_l2
2023-08-25 00:00:00+00:00,731.6,725.0,736.8,720.2,773385,0.0,binseg_l2
2023-08-28 00:00:00+00:00,725.4,735.0,735.0,724.0,688676,0.0,binseg_l2
2023-08-29 00:00:00+00:00,735.6,729.0,739.8,724.2,848269,0.0,binseg_l2
2023-08-30 00:00:00+00:00,729.0,730.0,733.8,721.0,636917,0.0,binseg_l2
2023-08-31 00:00:00+00:00,730.0,746.6,751.0,726.4,1683694,0.0,binseg_l2
2023-09-01 00:00:00+00:00,746.8,740.4,753.6,737.2,701760,0.0,binseg_l2
2023-09-04 00:00:00+00:00,748.0,769.6,772.4,745.6,2486250,0.0,binseg_l2
2023-09-05 00:00:00+00:00,767.6,761.4,771.8,752.4,1586982,0.0,binseg_l2
2023-09-06 00:00:00+00:00,761.2,748.2,761.6,742.0,1119323,0.0,binseg_l2
2023-09-07 00:00:00+00:00,748.2,730.2,752.6,715.2,2123372,0.0,binseg_l2
2023-09-08 00:00:00+00:00,733.0,717.6,739.8,710.0,1108017,0.0,binseg_l2
2023-09-11 00:00:00+00:00,719.0,663.0,732.8,657.6,4914052,0.0,binseg_l2
2023-09-12 00:00:00+00:00,663.0,682.8,700.2,659.2,3476207,0.0,binseg_l2
2023-09-13 00:00:00+00:00,680.0,645.0,681.2,636.8,3205772,0.0,binseg_l2
2023-09-14 00:00:00+00:00,642.6,640.8,649.6,627.2,1652324,0.0,binseg_l2
2023-09-15 00:00:00+00:00,632.0,645.2,656.6,631.8,770615,0.0,binseg_l2
2023-09-18 00:00:00+00:00,647.0,666.0,669.0,646.0,1026990,0.0,binseg_l2
2023-10-20 00:00:00+00:00,600.0,619.6,642.6,550.0,21137038,0.0,binseg_l2
2023-10-23 00:00:00+00:00,620.0,619.6,642.8,611.0,10160681,0.0,binseg_l2
2023-10-24 00:00:00+00:00,620.4,611.0,622.4,606.4,3159209,0.0,binseg_l2
2023-10-25 00:00:00+00:00,611.0,595.2,611.8,592.2,4010125,0.0,binseg_l2
2023-10-26 00:00:00+00:00,596.0,590.2,608.0,586.0,2959576,0.0,binseg_l2
2023-10-27 00:00:00+00:00,590.2,578.0,593.4,575.4,2732101,0.0,binseg_l2
2023-10-30 00:00:00+00:00,579.0,589.8,601.2,574.6,3476965,0.0,binseg_l2
2023-10-31 00:00:00+00:00,590.0,577.8,592.8,576.0,2260860,0.0,binseg_l2
2023-11-01 00:00:00+00:00,581.8,586.0,587.0,578.0,1157036,0.0,binseg_l2
2023-11-02 00:00:00+00:00,589.0,587.4,599.0,579.0,2641786,0.0,binseg_l2
2023-11-03 00:00:00+00:00,591.0,615.6,621.6,588.0,6437136,0.0,binseg_l2
2023-11-06 00:00:00+00:00,619.2,632.4,635.0,619.0,4074840,0.0,binseg_l2
2023-11-07 00:00:00+00:00,634.0,630.0,636.0,620.8,2996120,0.0,binseg_l2
2023-11-08 00:00:00+00:00,633.4,617.6,633.4,609.2,3526625,0.0,binseg_l2
2023-11-09 00:00:00+00:00,620.0,604.4,626.2,601.4,4253634,0.0,binseg_l2
2023-11-10 00:00:00+00:00,607.0,593.0,607.8,584.0,3860046,0.0,binseg_l2
2023-11-13 00:00:00+00:00,598.0,608.0,609.8,593.0,3325496,0.0,binseg_l2
2023-11-14 00:00:00+00:00,608.8,598.2,611.8,595.4,2390414,0.0,binseg_l2
2023-11-15 00:00:00+00:00,598.0,607.0,608.0,595.0,2327971,0.0,binseg_l2
2023-11-16 00:00:00+00:00,607.0,604.0,622.2,603.6,4097122,0.0,binseg_l2
2023-11-17 00:00:00+00:00,605.6,614.8,620.8,601.0,2888444,0.0,binseg_l2
2023-11-20 00:00:00+00:00,615.2,628.8,633.0,615.2,3164678,0.0,binseg_l2
2023-11-21 00:00:00+00:00,630.0,636.4,640.8,625.2,3019683,0.0,binseg_l2
2023-11-22 00:00:00+00:00,639.0,639.2,651.8,635.2,3201933,0.0,binseg_l2
2023-11-23 00:00:00+00:00,639.4,627.8,642.0,622.4,1762319,0.0,binseg_l2
2023-11-24 00:00:00+00:00,629.4,626.2,632.8,617.4,1382470,0.0,binseg_l2
2023-11-27 00:00:00+00:00,625.0,613.6,625.0,611.2,1895333,0.0,binseg_l2
2023-11-28 00:00:00+00:00,614.4,631.0,632.0,612.8,1592195,0.0,binseg_l2
2023-11-29 00:00:00+00:00,633.0,625.8,644.0,620.0,1790185,0.0,binseg_l2
2023-11-30 00:00:00+00:00,625.0,613.4,627.0,612.0,1348789,0.0,binseg_l2
2023-12-01 00:00:00+00:00,613.8,602.4,619.6,600.6,1320563,0.0,binseg_l2
2023-12-04 00:00:00+00:00,602.0,595.4,611.2,587.2,1506043,0.0,binseg_l2
2023-12-05 00:00:00+00:00,599.4,601.4,606.2,593.0,958186,0.0,binseg_l2
2023-12-06 00:00:00+00:00,603.0,582.4,605.0,580.6,1132650,0.0,binseg_l2
2023-12-07 00:00:00+00:00,582.4,580.0,587.8,563.2,2123575,0.0,binseg_l2
2023-12-08 00:00:00+00:00,581.0,573.6,588.0,572.0,839858,0.0,binseg_l2
2023-12-11 00:00:00+00:00,574.6,539.8,575.0,536.8,2740139,0.0,binseg_l2
2023-12-12 00:00:00+00:00,541.0,534.4,546.8,520.2,2769871,0.0,binseg_l2
2023-12-13 00:00:00+00:00,534.4,554.8,563.0,532.8,2045667,0.0,binseg_l2
2023-12-14 00:00:00+00:00,560.0,545.0,564.0,545.0,957073,0.0,binseg_l2
2023-12-15 00:00:00+00:00,545.0,566.8,573.4,543.0,1398530,0.0,binseg_l2
2023-12-18 00:00:00+00:00,572.0,583.0,586.0,557.0,1683681,0.0,binseg_l2
2023-12-19 00:00:00+00:00,583.0,578.0,588.0,570.8,983845,0.0,binseg_l2
2023-12-20 00:00:00+00:00,578.4,576.2,583.6,575.2,641435,0.0,binseg_l2
2023-12-21 00:00:00+00:00,575.8,563.6,577.8,562.0,1142243,0.0,binseg_l2
2023-12-22 00:00:00+00:00,564.0,565.4,578.0,563.6,945044,0.0,binseg_l2
2023-12-25 00:00:00+00:00,567.8,563.0,572.4,558.2,1170939,0.0,binseg_l2
2023-12-26 00:00:00+00:00,564.0,553.2,565.2,551.0,1521339,0.0,binseg_l2
2023-12-27 00:00:00+00:00,555.0,553.4,562.8,551.6,1408307,0.0,binseg_l2
2023-12-28 00:00:00+00:00,553.4,564.0,567.0,553.2,1526402,0.0,binseg_l2
2023-12-29 00:00:00+00:00,566.4,556.4,572.2,554.2,1191036,0.0,binseg_l2
2024-01-03 00:00:00+00:00,562.0,568.8,569.2,558.2,560491,0.0,binseg_l2
2024-01-04 00:00:00+00:00,569.4,584.0,587.0,567.2,1330338,0.0,binseg_l2
2024-01-05 00:00:00+00:00,586.0,579.4,590.0,576.4,707098,0.0,binseg_l2
2024-01-08 00:00:00+00:00,584.0,590.6,593.8,580.6,1345430,0.0,binseg_l2
2024-01-09 00:00:00+00:00,593.0,626.8,631.6,591.4,5374574,0.0,binseg_l2
2024-01-10 00:00:00+00:00,628.4,622.4,634.6,620.0,2901920,0.0,binseg_l2
2024-01-11 00:00:00+00:00,623.8,627.0,630.0,622.4,1500600,0.0,binseg_l2
2024-01-12 00:00:00+00:00,630.0,640.0,651.0,628.4,7334534,0.0,binseg_l2
2024-01-15 00:00:00+00:00,644.8,642.8,657.4,638.2,3316949,0.0,binseg_l2
2024-01-16 00:00:00+00:00,644.0,635.0,645.0,631.2,1975081,0.0,binseg_l2
2024-01-17 00:00:00+00:00,635.0,637.4,638.4,632.0,884399,0.0,binseg_l2
2024-01-18 00:00:00+00:00,639.4,628.4,639.8,625.0,1460482,0.0,binseg_l2
2024-01-19 00:00:00+00:00,630.0,635.4,638.6,622.4,1800499,0.0,binseg_l2
2024-01-22 00:00:00+00:00,639.0,662.4,665.8,625.0,6053262,0.0,binseg_l2
2024-01-23 00:00:00+00:00,664.0,655.8,672.6,649.6,4349734,0.0,binseg_l2
2024-01-24 00:00:00+00:00,658.6,654.0,662.6,647.6,1265894,0.0,binseg_l2
2024-01-25 00:00:00+00:00,657.8,667.2,669.4,654.0,1784424,0.0,binseg_l2
2024-01-26 00:00:00+00:00,670.0,675.8,684.8,662.2,5592321,0.0,binseg_l2
2024-01-29 00:00:00+00:00,679.6,677.2,687.0,672.2,2457640,0.0,binseg_l2
2024-01-30 00:00:00+00:00,679.2,676.8,679.8,668.2,1306308,0.0,binseg_l2
2024-01-31 00:00:00+00:00,680.0,695.4,700.0,674.0,3319236,0.0,binseg_l2
2024-02-01 00:00:00+00:00,698.4,685.8,707.0,685.0,2906551,0.0,binseg_l2
2024-02-02 00:00:00+00:00,686.0,677.2,687.0,671.2,2304794,0.0,binseg_l2
2024-02-05 00:00:00+00:00,678.2,673.8,689.6,671.8,1558387,0.0,binseg_l2
2024-02-06 00:00:00+00:00,674.2,681.0,684.0,673.0,1638319,0.0,binseg_l2
2024-02-07 00:00:00+00:00,682.8,666.8,687.0,662.4,3118969,0.0,binseg_l2
2024-02-08 00:00:00+00:00,667.0,661.2,678.0,652.4,4238160,0.0,binseg_l2
2024-02-09 00:00:00+00:00,661.2,658.8,664.0,653.2,1416246,0.0,binseg_l2
2024-02-12 00:00:00+00:00,667.6,671.8,671.8,662.4,1848929,0.0,binseg_l2
2024-02-13 00:00:00+00:00,672.6,690.2,696.0,668.4,2798605,0.0,binseg_l2
2024-02-14 00:00:00+00:00,693.8,682.0,698.8,678.0,2375141,0.0,binseg_l2
2024-02-15 00:00:00+00:00,681.0,674.2,716.0,666.2,9411075,0.0,binseg_l2
2024-02-16 00:00:00+00:00,677.8,660.0,678.2,657.0,7129211,0.0,binseg_l2
2024-02-19 00:00:00+00:00,660.0,660.4,669.4,653.2,2022727,0.0,binseg_l2
2024-02-20 00:00:00+00:00,660.4,644.6,667.0,636.6,2801489,0.0,binseg_l2
2024-02-21 00:00:00+00:00,644.0,639.0,653.6,626.2,3291288,0.0,binseg_l2
2024-02-22 00:00:00+00:00,642.0,640.4,649.4,635.4,1349475,0.0,binseg_l2
2024-02-26 00:00:00+00:00,653.0,659.4,660.8,649.2,1872612,0.0,binseg_l2
2024-02-27 00:00:00+00:00,660.0,649.0,663.2,646.6,1350290,0.0,binseg_l2
2024-02-28 00:00:00+00:00,651.2,641.4,654.6,638.4,2079391,0.0,binseg_l2
2024-02-29 00:00:00+00:00,642.0,652.6,654.2,638.8,2103515,0.0,binseg_l2
2024-03-01 00:00:00+00:00,665.0,657.4,667.0,656.0,3009825,0.0,binseg_l2
2024-03-04 00:00:00+00:00,662.0,660.0,665.0,655.6,1960787,0.0,binseg_l2
2024-03-05 00:00:00+00:00,662.0,658.4,664.4,654.0,1629760,0.0,binseg_l2
2024-03-06 00:00:00+00:00,658.6,652.8,660.0,649.2,1347521,0.0,binseg_l2
2024-03-07 00:00:00+00:00,655.6,655.0,660.0,651.2,2014380,0.0,binseg_l2
2024-03-11 00:00:00+00:00,658.6,654.4,659.4,652.6,1130126,0.0,binseg_l2
2024-03-12 00:00:00+00:00,654.0,647.8,654.8,645.4,1242496,0.0,binseg_l2
2024-03-13 00:00:00+00:00,649.0,643.0,653.4,641.2,1390880,0.0,binseg_l2
2024-03-14 00:00:00+00:00,642.0,633.4,645.2,632.4,1680731,0.0,binseg_l2
2024-03-15 00:00:00+00:00,632.4,629.8,638.8,627.2,1365213,0.0,binseg_l2
2024-03-18 00:00:00+00:00,633.0,644.0,652.0,630.4,3074963,0.0,binseg_l2
2024-03-19 00:00:00+00:00,645.2,632.2,648.0,625.0,3382758,0.0,binseg_l2
2024-03-20 00:00:00+00:00,632.2,627.4,636.0,622.0,2030932,0.0,binseg_l2
2024-03-21 00:00:00+00:00,627.4,630.6,641.0,624.0,3620249,0.0,binseg_l2
2024-03-22 00:00:00+00:00,630.6,605.0,631.8,594.2,7531245,0.0,binseg_l2
2024-03-25 00:00:00+00:00,609.6,607.6,616.2,594.2,3591787,0.0,binseg_l2
2024-03-26 00:00:00+00:00,610.0,618.0,619.0,607.4,1796495,0.0,binseg_l2
2024-03-27 00:00:00+00:00,618.6,614.4,623.4,610.6,1567236,0.0,binseg_l2
2024-03-28 00:00:00+00:00,615.0,608.6,618.0,606.8,1148843,0.0,binseg_l2
2024-03-29 00:00:00+00:00,608.6,609.8,613.6,607.2,826688,0.0,binseg_l2
2024-04-01 00:00:00+00:00,612.2,618.0,623.8,612.2,2355983,0.0,binseg_l2
2024-04-02 00:00:00+00:00,619.8,614.8,621.4,610.0,1362179,0.0,binseg_l2
2024-04-03 00:00:00+00:00,617.2,635.2,637.4,615.4,5059299,0.0,binseg_l2
2024-04-04 00:00:00+00:00,637.2,619.4,637.8,616.8,3014786,0.0,binseg_l2
2024-04-05 00:00:00+00:00,621.4,608.6,622.4,606.2,3123496,0.0,binseg_l2
2024-04-08 00:00:00+00:00,608.8,607.6,614.6,603.2,1969811,0.0,binseg_l2
2024-04-09 00:00:00+00:00,607.8,604.2,616.8,601.2,2744098,0.0,binseg_l2
2024-04-10 00:00:00+00:00,604.2,604.6,609.8,598.6,1783648,0.0,binseg_l2
2024-04-11 00:00:00+00:00,604.6,599.2,607.6,598.0,1212742,0.0,binseg_l2
2024-04-12 00:00:00+00:00,598.0,608.0,618.2,597.0,2550547,0.0,binseg_l2
2024-04-15 00:00:00+00:00,607.8,609.0,615.0,603.0,1840513,0.0,binseg_l2
2024-04-16 00:00:00+00:00,609.0,608.4,615.0,605.0,927737,0.0,binseg_l2
2024-04-17 00:00:00+00:00,610.0,606.0,610.4,602.2,880558,0.0,binseg_l2
2024-04-18 00:00:00+00:00,606.4,603.0,606.6,600.0,641231,0.0,binseg_l2
2024-04-19 00:00:00+00:00,603.0,601.0,606.0,598.4,770415,0.0,binseg_l2
2024-04-22 00:00:00+00:00,601.0,607.8,609.6,601.0,1426935,0.0,binseg_l2
2024-04-23 00:00:00+00:00,607.0,599.8,611.4,598.8,961333,0.0,binseg_l2
2024-04-24 00:00:00+00:00,599.8,594.8,601.6,590.4,1527795,0.0,binseg_l2
2024-04-25 00:00:00+00:00,594.2,602.4,605.0,591.0,1293219,0.0,binseg_l2
2024-04-26 00:00:00+00:00,603.8,595.2,604.4,594.0,788688,0.0,binseg_l2
2024-04-27 00:00:00+00:00,595.4,587.2,597.0,578.2,2047798,0.0,binseg_l2
2024-04-29 00:00:00+00:00,587.2,584.8,590.0,578.4,840585,0.0,binseg_l2
2024-04-30 00:00:00+00:00,585.6,577.8,585.6,577.0,542404,0.0,binseg_l2
2024-05-02 00:00:00+00:00,577.8,578.0,581.6,573.2,1049443,0.0,binseg_l2
2024-05-03 00:00:00+00:00,579.0,585.8,591.6,577.4,1227505,0.0,binseg_l2
2024-05-06 00:00:00+00:00,587.0,571.6,587.2,571.2,1175157,0.0,binseg_l2
2024-05-07 00:00:00+00:00,570.4,578.2,583.2,570.4,671168,0.0,binseg_l2
2024-05-08 00:00:00+00:00,578.2,576.8,588.0,576.2,567737,0.0,binseg_l2
2024-05-10 00:00:00+00:00,577.8,574.8,579.4,571.2,484587,0.0,binseg_l2
2024-05-13 00:00:00+00:00,575.8,577.6,584.2,575.8,750345,0.0,binseg_l2
2024-05-14 00:00:00+00:00,579.8,603.6,607.6,578.0,5450383,0.0,binseg_l2
2024-05-15 00:00:00+00:00,604.6,616.4,621.0,599.8,4529165,0.0,binseg_l2
2024-05-16 00:00:00+00:00,618.4,613.0,621.0,605.8,1340241,0.0,binseg_l2
2024-05-17 00:00:00+00:00,613.2,634.0,635.0,597.2,6372073,0.0,binseg_l2
2024-05-20 00:00:00+00:00,637.0,625.0,641.6,610.0,3665975,0.0,binseg_l2
2024-05-21 00:00:00+00:00,625.0,611.4,625.0,606.0,1749076,0.0,binseg_l2
2024-05-22 00:00:00+00:00,610.0,603.4,611.4,602.0,1191497,0.0,binseg_l2
2024-05-23 00:00:00+00:00,605.0,613.6,617.4,600.4,2608987,0.0,binseg_l2
2024-05-24 00:00:00+00:00,614.8,581.2,618.8,580.6,4260262,0.0,binseg_l2
2024-05-27 00:00:00+00:00,582.6,563.8,595.6,558.6,3103999,0.0,binseg_l2
2024-05-28 00:00:00+00:00,565.2,570.0,582.4,557.6,2161551,0.0,binseg_l2
2024-05-29 00:00:00+00:00,570.8,572.0,578.8,567.0,1118351,0.0,binseg_l2
2024-05-30 00:00:00+00:00,572.0,559.2,576.0,559.0,1259608,0.0,binseg_l2
2024-05-31 00:00:00+00:00,560.2,555.4,572.0,550.6,3468162,0.0,binseg_l2
2024-06-03 00:00:00+00:00,555.2,562.6,566.0,533.0,3415000,0.0,binseg_l2
2024-06-04 00:00:00+00:00,565.0,562.4,572.0,550.0,1684524,0.0,binseg_l2
2024-06-05 00:00:00+00:00,564.2,556.8,574.0,555.8,1301012,0.0,binseg_l2
2024-06-06 00:00:00+00:00,559.8,556.8,560.8,552.2,754392,0.0,binseg_l2
2024-06-07 00:00:00+00:00,558.8,563.2,578.0,556.2,1576384,0.0,binseg_l2
2024-06-10 00:00:00+00:00,564.8,559.8,574.2,553.4,954667,0.0,binseg_l2
2024-06-11 00:00:00+00:00,559.8,554.0,562.0,545.2,1173663,0.0,binseg_l2
2024-06-13 00:00:00+00:00,531.0,549.4,552.0,515.0,1400890,0.0,binseg_l2
2024-06-14 00:00:00+00:00,551.0,554.8,561.4,544.4,1298174,0.0,binseg_l2
2024-06-17 00:00:00+00:00,559.4,546.0,562.4,543.8,764845,0.0,binseg_l2
2024-06-18 00:00:00+00:00,546.0,528.4,549.0,524.8,1614437,0.0,binseg_l2
2024-06-19 00:00:00+00:00,527.4,502.0,530.2,492.4,3860594,0.0,binseg_l2
2024-06-20 00:00:00+00:00,503.8,522.8,524.4,495.4,2961366,0.0,binseg_l2
2024-06-21 00:00:00+00:00,524.0,510.8,529.8,508.0,1323201,0.0,binseg_l2
2024-06-24 00:00:00+00:00,508.8,500.6,519.0,500.0,1294151,0.0,binseg_l2
2024-06-25 00:00:00+00:00,502.6,512.8,514.8,501.6,1058471,0.0,binseg_l2
2024-06-26 00:00:00+00:00,511.2,517.2,523.4,509.4,1398823,0.0,binseg_l2
2024-06-27 00:00:00+00:00,518.0,510.8,519.0,508.0,1013835,0.0,binseg_l2
2024-06-28 00:00:00+00:00,511.0,502.6,515.0,500.4,1143889,0.0,binseg_l2
2024-07-01 00:00:00+00:00,502.8,512.8,514.0,501.4,1363176,0.0,binseg_l2
2024-07-02 00:00:00+00:00,512.8,523.4,528.6,510.6,1928964,1.0,binseg_l2
2024-07-03 00:00:00+00:00,525.4,508.6,525.6,508.4,1145701,1.0,binseg_l2
2024-07-04 00:00:00+00:00,508.0,498.2,513.0,496.0,1682933,1.0,binseg_l2
2024-07-05 00:00:00+00:00,496.0,488.6,498.0,480.0,3030743,1.0,binseg_l2
2024-07-08 00:00:00+00:00,488.6,481.4,494.4,480.0,1363000,1.0,binseg_l2
2024-07-09 00:00:00+00:00,479.8,457.2,481.8,457.0,2279918,1.0,binseg_l2
2024-07-10 00:00:00+00:00,457.2,433.0,468.6,430.4,4185542,1.0,binseg_l2
2024-07-11 00:00:00+00:00,434.2,457.8,458.2,434.0,2498583,0.0,binseg_l2
2024-07-12 00:00:00+00:00,463.2,454.4,468.0,447.6,2148639,0.0,binseg_l2
2024-07-15 00:00:00+00:00,458.2,442.4,458.8,435.8,1785382,0.0,binseg_l2
2024-07-16 00:00:00+00:00,440.4,452.0,452.6,433.4,2041431,0.0,binseg_l2
2024-07-17 00:00:00+00:00,452.4,442.0,455.0,439.4,1578801,0.0,binseg_l2
2024-07-18 00:00:00+00:00,440.6,454.6,456.6,437.8,1310705,0.0,binseg_l2
2024-07-19 00:00:00+00:00,455.0,463.0,468.0,448.2,1645190,0.0,binseg_l2
2024-07-22 00:00:00+00:00,468.8,465.2,473.0,459.2,1102499,0.0,binseg_l2
2024-07-23 00:00:00+00:00,463.6,467.4,469.0,461.0,827689,0.0,binseg_l2
2024-07-24 00:00:00+00:00,467.2,467.0,475.8,464.2,1371844,0.0,binseg_l2
2024-07-25 00:00:00+00:00,466.0,472.4,475.4,461.2,1154280,0.0,binseg_l2
2024-07-26 00:00:00+00:00,475.0,460.8,486.0,456.8,3858255,0.0,binseg_l2
2024-07-29 00:00:00+00:00,453.8,446.0,454.2,440.0,1776157,0.0,binseg_l2
2024-07-30 00:00:00+00:00,446.0,456.8,459.6,442.2,1444153,0.0,binseg_l2
2024-07-31 00:00:00+00:00,457.0,457.8,463.2,453.0,1216677,0.0,binseg_l2
2024-08-01 00:00:00+00:00,458.2,449.4,469.0,448.4,2222056,0.0,binseg_l2
2024-08-02 00:00:00+00:00,451.0,448.4,456.8,444.4,1662715,0.0,binseg_l2
2024-08-05 00:00:00+00:00,440.4,438.2,444.0,435.0,1572677,0.0,binseg_l2
2024-08-06 00:00:00+00:00,444.0,455.8,457.4,441.0,1781740,0.0,binseg_l2
2024-08-07 00:00:00+00:00,456.2,452.8,460.8,442.0,2964435,0.0,binseg_l2
2024-08-08 00:00:00+00:00,453.0,438.0,455.6,437.4,2856136,0.0,binseg_l2
2024-08-09 00:00:00+00:00,438.0,435.4,439.8,430.6,3495416,0.0,binseg_l2
2024-08-12 00:00:00+00:00,432.0,427.4,432.8,420.6,3641453,0.0,binseg_l2
2024-08-13 00:00:00+00:00,427.0,424.2,429.2,422.2,2008373,0.0,binseg_l2
2024-08-14 00:00:00+00:00,424.0,415.0,427.8,413.6,1814309,0.0,binseg_l2
2024-08-15 00:00:00+00:00,414.0,409.8,418.0,407.6,2032583,0.0,binseg_l2
2024-08-16 00:00:00+00:00,411.0,405.0,413.6,404.4,1384925,0.0,binseg_l2
2024-08-19 00:00:00+00:00,405.0,402.8,407.6,400.0,2376942,0.0,binseg_l2
2024-08-20 00:00:00+00:00,403.0,395.4,407.8,390.6,2011578,0.0,binseg_l2
2024-08-21 00:00:00+00:00,395.4,381.2,397.6,377.2,3810843,0.0,binseg_l2
2024-08-22 00:00:00+00:00,381.6,366.0,387.6,362.4,3715468,0.0,binseg_l2
2024-08-23 00:00:00+00:00,366.0,374.4,379.0,356.2,4558325,0.0,binseg_l2
2024-08-26 00:00:00+00:00,381.8,378.6,387.4,371.6,2701014,0.0,binseg_l2
2024-08-27 00:00:00+00:00,379.0,363.4,380.0,362.0,1849428,0.0,binseg_l2
2024-08-28 00:00:00+00:00,363.4,358.0,370.6,350.8,3883924,0.0,binseg_l2
2024-08-29 00:00:00+00:00,358.0,361.4,366.6,352.8,2617352,0.0,binseg_l2
2024-08-30 00:00:00+00:00,364.0,346.4,365.4,342.0,2879084,0.0,binseg_l2
2024-09-02 00:00:00+00:00,340.6,323.8,346.0,318.0,3936910,0.0,binseg_l2
2024-09-03 00:00:00+00:00,323.0,328.0,334.8,318.4,3488146,0.0,binseg_l2
2024-09-04 00:00:00+00:00,327.2,348.0,351.0,323.2,2840114,0.0,binseg_l2
2024-09-05 00:00:00+00:00,350.0,338.8,354.4,336.8,2802459,0.0,binseg_l2
2024-09-06 00:00:00+00:00,339.2,349.0,349.8,336.8,2162294,0.0,binseg_l2
2024-09-09 00:00:00+00:00,352.8,369.4,371.8,351.2,3085234,0.0,binseg_l2
2024-09-10 00:00:00+00:00,368.8,359.0,369.6,355.2,2230809,0.0,binseg_l2
2024-09-11 00:00:00+00:00,356.8,339.0,359.2,337.4,2892719,0.0,binseg_l2
2024-09-12 00:00:00+00:00,336.8,340.6,341.0,331.8,2594938,0.0,binseg_l2
2024-09-13 00:00:00+00:00,342.0,351.8,353.4,323.2,5086601,0.0,binseg_l2
2024-09-16 00:00:00+00:00,352.4,356.0,362.0,349.2,2849517,0.0,binseg_l2
2024-09-17 00:00:00+00:00,356.8,357.6,359.2,350.4,1804134,0.0,binseg_l2
2024-09-18 00:00:00+00:00,357.8,357.4,368.8,353.6,4133135,0.0,binseg_l2
2024-09-19 00:00:00+00:00,358.0,357.8,363.2,353.2,1991710,0.0,binseg_l2
2024-09-20 00:00:00+00:00,358.4,369.6,371.0,358.4,2093064,0.0,binseg_l2
2024-09-23 00:00:00+00:00,372.6,374.4,376.4,367.6,3736106,0.0,binseg_l2
2024-09-24 00:00:00+00:00,374.4,379.0,381.8,366.0,3209642,0.0,binseg_l2
2024-09-25 00:00:00+00:00,381.0,368.8,381.0,367.8,2309612,0.0,binseg_l2
2024-09-26 00:00:00+00:00,366.2,363.0,368.2,360.2,2730840,0.0,binseg_l2
2024-09-27 00:00:00+00:00,363.0,361.6,364.8,353.6,3732591,0.0,binseg_l2
2024-09-30 00:00:00+00:00,362.2,349.8,370.6,349.0,3308688,0.0,binseg_l2
2024-10-01 00:00:00+00:00,349.0,350.8,353.4,346.8,3547628,0.0,binseg_l2
2024-10-02 00:00:00+00:00,351.0,339.0,354.8,336.2,2888491,0.0,binseg_l2
2024-10-03 00:00:00+00:00,339.0,340.0,342.0,329.0,3754304,0.0,binseg_l2
2024-10-04 00:00:00+00:00,340.2,336.6,341.6,333.6,1433484,0.0,binseg_l2
2024-10-07 00:00:00+00:00,337.0,336.4,341.0,327.6,3281044,0.0,binseg_l2
2024-10-08 00:00:00+00:00,336.8,335.2,337.4,331.4,1366227,0.0,binseg_l2
2024-10-09 00:00:00+00:00,335.0,339.6,343.8,333.4,3061183,0.0,binseg_l2
2024-10-10 00:00:00+00:00,340.8,339.4,346.4,337.6,1784230,0.0,binseg_l2
2024-10-11 00:00:00+00:00,339.4,339.4,342.6,334.6,1168850,0.0,binseg_l2
2024-10-14 00:00:00+00:00,339.2,345.8,350.0,334.8,2238155,0.0,binseg_l2
2024-10-15 00:00:00+00:00,346.0,354.2,357.0,344.2,1727032,0.0,binseg_l2
2024-10-16 00:00:00+00:00,356.2,349.2,360.2,345.8,2117030,0.0,binseg_l2
2024-10-17 00:00:00+00:00,348.6,340.0,349.0,340.0,1335842,0.0,binseg_l2
2024-10-18 00:00:00+00:00,339.2,343.4,344.8,338.8,769191,0.0,binseg_l2
2024-10-21 00:00:00+00:00,344.2,342.2,349.0,341.8,679343,0.0,binseg_l2
2024-10-22 00:00:00+00:00,341.8,337.6,342.8,336.4,656896,0.0,binseg_l2
2024-10-23 00:00:00+00:00,337.6,328.2,338.8,324.2,1654553,0.0,binseg_l2
2024-10-24 00:00:00+00:00,326.4,329.8,332.6,323.2,1226994,0.0,binseg_l2
2024-10-25 00:00:00+00:00,329.8,307.6,335.0,306.0,5144071,0.0,binseg_l2
2024-10-28 00:00:00+00:00,301.0,302.0,307.2,295.2,4219645,0.0,binseg_l2
2024-10-29 00:00:00+00:00,304.0,307.0,309.0,293.4,2698755,0.0,binseg_l2
2024-10-30 00:00:00+00:00,307.4,296.6,310.4,295.8,1611034,0.0,binseg_l2
2024-10-31 00:00:00+00:00,296.0,288.0,299.8,284.6,2568233,0.0,binseg_l2
2024-11-01 00:00:00+00:00,288.0,292.0,294.6,282.6,2050883,0.0,binseg_l2
2024-11-02 00:00:00+00:00,293.8,288.8,293.8,286.6,807600,0.0,binseg_l2
2024-11-05 00:00:00+00:00,290.0,293.4,296.0,288.8,1278183,0.0,binseg_l2
2024-11-06 00:00:00+00:00,299.4,295.2,304.8,294.2,2262915,0.0,binseg_l2
2024-11-07 00:00:00+00:00,296.8,304.8,305.6,289.4,1978459,0.0,binseg_l2
2024-11-08 00:00:00+00:00,306.0,320.6,323.0,301.8,3683392,0.0,binseg_l2
2024-11-11 00:00:00+00:00,325.0,322.8,325.8,318.0,3079546,0.0,binseg_l2
2024-11-12 00:00:00+00:00,321.4,312.4,322.2,312.0,1655509,0.0,binseg_l2
2024-11-13 00:00:00+00:00,312.2,312.2,322.2,310.4,1929299,0.0,binseg_l2
2024-11-14 00:00:00+00:00,312.0,310.2,315.4,305.4,1571219,0.0,binseg_l2
2024-11-15 00:00:00+00:00,309.4,316.4,317.0,305.8,1456470,0.0,binseg_l2
2024-11-18 00:00:00+00:00,307.8,305.6,314.8,304.6,2062920,0.0,binseg_l2
2024-11-19 00:00:00+00:00,305.0,296.8,307.0,291.0,2385875,0.0,binseg_l2
2024-11-20 00:00:00+00:00,297.2,284.8,297.6,281.2,3504370,0.0,binseg_l2
2024-11-21 00:00:00+00:00,285.4,280.4,287.6,268.4,4943225,1.0,binseg_l2
2024-11-22 00:00:00+00:00,281.0,272.0,281.6,270.8,1775400,1.0,binseg_l2
2024-11-25 00:00:00+00:00,271.4,263.0,271.8,259.4,2671266,1.0,binseg_l2
2024-11-26 00:00:00+00:00,263.0,243.6,268.0,240.2,5362907,1.0,binseg_l2
2024-11-27 00:00:00+00:00,244.0,261.6,265.0,221.0,15491693,1.0,binseg_l2
2024-11-28 00:00:00+00:00,262.4,269.0,274.0,251.0,6800481,1.0,binseg_l2
2024-11-29 00:00:00+00:00,268.4,275.2,278.4,264.2,3296498,1.0,binseg_l2
2024-12-02 00:00:00+00:00,277.0,277.0,281.0,273.4,3002932,0.0,binseg_l2
2024-12-03 00:00:00+00:00,277.2,258.2,282.6,254.6,5472091,0.0,binseg_l2
2024-12-04 00:00:00+00:00,256.6,248.2,264.0,244.0,7551767,0.0,binseg_l2
2024-12-05 00:00:00+00:00,247.0,261.8,266.0,243.2,8740026,0.0,binseg_l2
2024-12-06 00:00:00+00:00,262.0,259.8,267.2,257.2,4963005,0.0,binseg_l2
2024-12-09 00:00:00+00:00,262.4,265.8,269.6,256.2,6319906,0.0,binseg_l2
2024-12-10 00:00:00+00:00,264.0,251.6,265.6,251.0,4710267,0.0,binseg_l2
2024-12-11 00:00:00+00:00,250.0,256.2,257.0,247.0,4632667,0.0,binseg_l2
2024-12-12 00:00:00+00:00,255.2,248.2,256.8,246.6,5194126,0.0,binseg_l2
2024-12-13 00:00:00+00:00,246.4,250.4,253.0,246.4,2692889,0.0,binseg_l2
2024-12-16 00:00:00+00:00,250.2,239.8,251.2,237.4,4447889,0.0,binseg_l2
2024-12-17 00:00:00+00:00,238.0,237.8,242.2,234.6,4252899,0.0,binseg_l2
2024-12-18 00:00:00+00:00,239.4,247.6,250.0,235.6,3743851,0.0,binseg_l2
2024-12-19 00:00:00+00:00,249.2,248.4,250.6,243.4,4886853,0.0,binseg_l2
2024-12-20 00:00:00+00:00,248.4,292.8,293.2,247.0,12393038,0.0,binseg_l2
2024-12-23 00:00:00+00:00,301.2,290.2,307.2,286.8,7834450,0.0,binseg_l2
2024-12-24 00:00:00+00:00,289.0,284.2,290.4,282.2,3379826,0.0,binseg_l2
2024-12-25 00:00:00+00:00,282.2,297.2,298.8,280.0,4913040,0.0,binseg_l2
2024-12-26 00:00:00+00:00,298.0,288.0,306.0,286.6,5741159,0.0,binseg_l2
2024-12-27 00:00:00+00:00,288.6,293.2,294.8,282.4,3550476,0.0,binseg_l2
2024-12-28 00:00:00+00:00,292.4,295.2,295.4,289.0,2559588,0.0,binseg_l2
2024-12-30 00:00:00+00:00,297.4,312.4,317.2,296.4,5001400,0.0,binseg_l2
2025-01-03 00:00:00+00:00,316.0,303.4,317.2,302.2,3200023,0.0,binseg_l2
2025-01-06 00:00:00+00:00,300.4,300.2,303.8,294.4,2466911,0.0,binseg_l2
2025-01-08 00:00:00+00:00,303.0,312.6,313.6,299.0,2554858,0.0,binseg_l2
2025-01-09 00:00:00+00:00,312.6,298.6,313.8,297.0,3659615,0.0,binseg_l2
2025-01-10 00:00:00+00:00,301.0,310.4,312.2,294.6,5463576,1.0,binseg_l2
2025-01-13 00:00:00+00:00,313.0,305.0,318.4,301.0,5148410,1.0,binseg_l2
2025-01-14 00:00:00+00:00,305.0,309.6,311.8,302.4,3061418,1.0,binseg_l2
2025-01-15 00:00:00+00:00,311.4,338.6,339.0,310.6,40882254,1.0,binseg_l2
2025-01-16 00:00:00+00:00,338.6,337.6,342.4,332.2,17528993,1.0,binseg_l2
2025-01-17 00:00:00+00:00,339.0,350.8,353.6,333.6,13090190,1.0,binseg_l2
2025-01-20 00:00:00+00:00,354.0,342.6,361.6,340.4,13302190,1.0,binseg_l2
2025-01-21 00:00:00+00:00,343.0,338.2,345.2,331.6,8675792,0.0,binseg_l2
2025-01-22 00:00:00+00:00,338.6,346.6,356.4,335.0,15636829,0.0,binseg_l2
2025-01-23 00:00:00+00:00,346.0,353.4,354.0,342.0,5082456,0.0,binseg_l2
2025-01-24 00:00:00+00:00,354.0,350.2,359.2,345.6,6895944,1.0,binseg_l2
2025-01-27 00:00:00+00:00,350.2,339.6,352.8,337.6,5351566,1.0,binseg_l2
2025-01-28 00:00:00+00:00,338.4,342.0,344.6,333.0,5869183,1.0,binseg_l2
2025-01-29 00:00:00+00:00,342.0,339.0,350.6,338.0,5233476,1.0,binseg_l2
2025-01-30 00:00:00+00:00,339.0,341.0,343.4,336.0,3863070,1.0,binseg_l2
2025-01-31 00:00:00+00:00,341.0,335.0,347.2,332.4,5292019,1.0,binseg_l2
2025-02-03 00:00:00+00:00,335.0,322.4,335.0,318.6,9080129,1.0,binseg_l2
2025-02-04 00:00:00+00:00,320.6,307.7,325.9,307.0,11080121,0.0,binseg_l2
2025-02-05 00:00:00+00:00,308.3,316.0,319.0,299.6,13987834,0.0,binseg_l2
2025-02-06 00:00:00+00:00,317.6,312.0,319.6,312.0,5853170,0.0,binseg_l2
2025-02-07 00:00:00+00:00,312.0,303.0,316.0,298.2,7251847,0.0,binseg_l2
2025-02-10 00:00:00+00:00,304.7,307.7,314.1,303.3,10610688,0.0,binseg_l2
2025-02-11 00:00:00+00:00,307.5,317.4,318.1,304.6,7293530,0.0,binseg_l2
2025-02-12 00:00:00+00:00,317.6,329.0,334.5,311.0,14514603,0.0,binseg_l2
2025-02-13 00:00:00+00:00,332.4,325.8,345.2,320.4,11298262,0.0,binseg_l2
2025-02-14 00:00:00+00:00,347.0,319.0,350.0,310.2,9959170,0.0,binseg_l2
2025-02-17 00:00:00+00:00,323.6,334.2,335.1,322.0,6825416,0.0,binseg_l2
2025-02-18 00:00:00+00:00,335.9,322.4,337.5,319.3,6114855,0.0,binseg_l2
2025-02-19 00:00:00+00:00,322.9,327.4,330.0,316.1,4683968,0.0,binseg_l2
2025-02-20 00:00:00+00:00,327.6,330.0,335.8,325.4,4877074,0.0,binseg_l2
2025-02-21 00:00:00+00:00,330.0,329.6,333.0,325.0,2581468,0.0,binseg_l2
2025-02-24 00:00:00+00:00,329.6,340.2,340.8,329.5,5757538,0.0,binseg_l2
2025-02-25 00:00:00+00:00,340.4,353.1,356.4,336.7,7477460,0.0,binseg_l2
2025-02-26 00:00:00+00:00,353.1,334.9,358.8,332.9,12450441,0.0,binseg_l2
2025-02-27 00:00:00+00:00,336.6,330.8,339.9,328.4,4671504,0.0,binseg_l2
2025-02-28 00:00:00+00:00,330.1,333.6,336.0,322.8,6259066,0.0,binseg_l2
2025-03-01 00:00:00+00:00,333.9,334.9,335.5,333.6,80235,0.0,binseg_l2
2025-03-02 00:00:00+00:00,334.6,333.5,336.7,333.5,97015,0.0,binseg_l2
2025-03-03 00:00:00+00:00,332.0,321.2,333.0,320.3,3891436,0.0,binseg_l2
2025-03-04 00:00:00+00:00,321.2,336.8,339.4,321.1,7199843,0.0,binseg_l2
2025-03-05 00:00:00+00:00,337.0,333.4,343.3,328.8,5219138,0.0,binseg_l2
2025-03-06 00:00:00+00:00,334.4,332.1,338.7,329.6,2925369,0.0,binseg_l2
2025-03-07 00:00:00+00:00,334.0,330.3,338.2,323.8,2952801,0.0,binseg_l2
2025-03-10 00:00:00+00:00,330.4,326.9,333.4,326.6,1394577,0.0,binseg_l2
2025-03-11 00:00:00+00:00,327.4,327.0,330.7,322.4,2388479,0.0,binseg_l2
2025-03-12 00:00:00+00:00,327.0,321.8,327.4,317.2,2641937,0.0,binseg_l2
2025-03-13 00:00:00+00:00,321.8,322.6,324.2,312.7,3572737,0.0,binseg_l2
2025-03-14 00:00:00+00:00,321.4,327.9,328.2,317.5,2672026,0.0,binseg_l2
2025-03-15 00:00:00+00:00,328.6,327.4,330.6,326.1,245532,0.0,binseg_l2
2025-03-16 00:00:00+00:00,327.4,331.2,331.8,327.3,214749,0.0,binseg_l2
2025-03-17 00:00:00+00:00,331.4,334.0,336.0,330.1,2297517,0.0,binseg_l2
2025-03-18 00:00:00+00:00,335.0,326.8,337.5,325.5,3089600,0.0,binseg_l2
2025-03-19 00:00:00+00:00,326.6,328.1,332.2,322.2,2808057,0.0,binseg_l2
2025-03-20 00:00:00+00:00,328.5,301.5,333.4,298.6,36901122,0.0,binseg_l2
2025-03-21 00:00:00+00:00,300.6,294.4,301.5,290.4,21807313,1.0,binseg_l2
2025-03-24 00:00:00+00:00,294.0,284.5,294.7,284.2,6521429,1.0,binseg_l2
2025-03-25 00:00:00+00:00,284.6,291.8,292.9,283.1,5575690,1.0,binseg_l2
2025-03-26 00:00:00+00:00,291.9,286.1,293.6,286.0,2452652,1.0,binseg_l2
2025-03-27 00:00:00+00:00,287.5,282.0,287.5,275.2,4742826,1.0,binseg_l2
2025-03-28 00:00:00+00:00,282.0,280.4,289.6,277.8,5972100,1.0,binseg_l2
2025-03-29 00:00:00+00:00,280.0,274.2,280.0,273.5,923329,1.0,binseg_l2
2025-03-30 00:00:00+00:00,273.5,273.5,274.6,273.5,177747,0.0,binseg_l2
2025-03-31 00:00:00+00:00,271.1,282.0,285.2,266.2,3677187,0.0,binseg_l2
2025-04-01 00:00:00+00:00,282.0,274.5,291.7,273.3,5746343,0.0,binseg_l2
2025-04-02 00:00:00+00:00,275.0,281.7,284.6,273.5,3368591,0.0,binseg_l2
2025-04-03 00:00:00+00:00,281.7,279.1,286.2,271.4,3023905,0.0,binseg_l2
2025-04-04 00:00:00+00:00,280.8,263.4,283.3,263.0,3824894,0.0,binseg_l2
2025-04-05 00:00:00+00:00,262.3,263.1,265.4,260.5,295576,0.0,binseg_l2
2025-04-06 00:00:00+00:00,263.0,268.3,268.7,262.0,204257,0.0,binseg_l2
2025-04-07 00:00:00+00:00,264.9,257.1,265.2,233.5,13042485,0.0,binseg_l2
2025-04-08 00:00:00+00:00,258.7,241.0,262.5,241.0,4596615,0.0,binseg_l2
2025-04-09 00:00:00+00:00,241.0,251.7,252.0,230.6,5798276,0.0,binseg_l2
2025-04-10 00:00:00+00:00,253.3,247.9,254.5,240.6,3022838,0.0,binseg_l2
2025-04-11 00:00:00+00:00,247.8,252.1,256.7,247.0,2679013,0.0,binseg_l2
2025-04-12 00:00:00+00:00,253.0,254.6,255.0,252.1,275796,0.0,binseg_l2
2025-04-13 00:00:00+00:00,254.7,256.8,257.5,253.7,207155,0.0,binseg_l2
2025-04-14 00:00:00+00:00,256.8,250.1,256.8,247.3,1761206,0.0,binseg_l2
2025-04-15 00:00:00+00:00,250.0,246.7,251.3,245.0,1576109,0.0,binseg_l2
2025-04-16 00:00:00+00:00,246.7,251.9,256.2,240.3,3946685,0.0,binseg_l2
2025-04-17 00:00:00+00:00,252.0,254.1,255.8,248.1,2055238,0.0,binseg_l2
2025-04-18 00:00:00+00:00,252.0,248.3,253.1,246.6,1616009,0.0,binseg_l2
2025-04-21 00:00:00+00:00,250.0,255.3,256.0,249.6,1290124,0.0,binseg_l2
2025-04-22 00:00:00+00:00,255.7,274.4,275.5,255.3,7174568,0.0,binseg_l2
2025-04-23 00:00:00+00:00,275.5,272.5,276.6,265.1,4719474,0.0,binseg_l2
2025-04-24 00:00:00+00:00,272.8,272.8,278.5,268.5,3974941,0.0,binseg_l2
2025-04-25 00:00:00+00:00,273.7,283.6,287.4,273.0,10559597,0.0,binseg_l2
2025-04-26 00:00:00+00:00,284.0,282.8,286.7,281.5,738667,0.0,binseg_l2
2025-04-27 00:00:00+00:00,283.3,283.6,284.2,282.2,131489,0.0,binseg_l2
2025-04-28 00:00:00+00:00,283.6,272.9,285.0,270.8,4252291,0.0,binseg_l2
2025-04-29 00:00:00+00:00,272.8,263.8,272.8,262.7,2760818,0.0,binseg_l2
2025-04-30 00:00:00+00:00,263.0,268.4,268.8,257.5,2734000,0.0,binseg_l2
