ticker,stage,model_name,predictions,actual,mae,rmse,mape,da,time,features,experiment_time
AFLT,1,InceptionTime,"[70.84631643 70.85813592 71.7978133  72.57961443 72.84714677 72.81236739
 74.04066619 74.65932357 75.33030275 75.81685138]",[70.18 72.45 73.49 72.73 72.17 74.54 74.31 74.87 73.5  70.79],1.3842696555498732,1.9504750948778302,1.9147120721137327,33.33333333333333,1.4946683406829835,['close'],14.951088190078735
AFLT,1,XceptionTime,"[85.53559423 85.53559423 85.53559423 85.53559423 85.53559423 85.53559423
 85.53559423 85.53559423 85.53559423 85.53559423]",[70.18 72.45 73.49 72.73 72.17 74.54 74.31 74.87 73.5  70.79],12.632594227504232,12.718906317634909,17.37674753221729,55.55555555555556,2.7865938425064085,['close'],27.869286060333252
AFLT,1,XCM,"[68.03732976 68.13442186 68.43411416 68.84983591 69.08019034 69.15422982
 69.58764533 70.06176497 70.51897762 70.87689055]",[70.18 72.45 73.49 72.73 72.17 74.54 74.31 74.87 73.5  70.79],3.6468380761809,3.9585369977799387,4.968669695095132,44.44444444444444,1.566847562789917,['close'],15.67300009727478
AFLT,1,gMLP,"[70.87787232 70.32517932 72.28516781 73.59339673 73.20719642 72.64864958
 74.52889816 74.51065964 74.76650205 73.47339382]",[70.18 72.45 73.49 72.73 72.17 74.54 74.31 74.87 73.5  70.79],1.2347603156116975,1.4433855273539162,1.7016608461380482,33.33333333333333,2.2748363494873045,['close'],22.753769636154175
AFLT,1,TSSequencerPlus,"[70.58117989 69.84893932 71.84227816 73.14425782 72.08260034 71.57597304
 73.84216899 73.84347257 74.30001162 72.79331413]",[70.18 72.45 73.49 72.73 72.17 74.54 74.31 74.87 73.5  70.79],1.2413331047321208,1.5662714915473115,1.6990040937080915,44.44444444444444,2.8365450382232664,['close'],28.368691444396973
AFLT,6,InceptionTime,"[69.17414029 69.25783373 69.9300241  70.40170582 70.78587776 70.80295646
 71.30855681 71.51657263 72.08494953 72.43877494]",[70.18 72.45 73.49 72.73 72.17 74.54 74.31 74.87 73.5  70.79],2.462615781507533,2.648628196819758,3.3588499199170507,44.44444444444444,1.241692566871643,"['close', 'anomaly', 'weighted_score_with_decay', 'open', 'high', 'low', 'volume', 'EMA_14', 'RSI_14', 'MACD', 'return', 'ATR_14', 'VWAP', 'value__mean', 'value__maximum', 'value__minimum', 'value__standard_deviation', 'value__partial_autocorrelation__lag_3', 'value__autocorrelation__lag_5', 'value__longest_strike_above_mean']",12.420538663864136
AFLT,6,XceptionTime,"[85.61824255 85.61824255 85.61824255 85.61824255 85.61824255 85.61824255
 85.61824255 85.61824255 85.61824255 85.61824255]",[70.18 72.45 73.49 72.73 72.17 74.54 74.31 74.87 73.5  70.79],12.71524255319149,12.800997390300946,17.490162207660493,55.55555555555556,2.3081987619400026,"['close', 'anomaly', 'weighted_score_with_decay', 'open', 'high', 'low', 'volume', 'EMA_14', 'RSI_14', 'MACD', 'return', 'ATR_14', 'VWAP', 'value__mean', 'value__maximum', 'value__minimum', 'value__standard_deviation', 'value__partial_autocorrelation__lag_3', 'value__autocorrelation__lag_5', 'value__longest_strike_above_mean']",23.086535692214966
AFLT,6,XCM,"[70.08738096 70.93286214 71.49702292 72.20634655 72.7336074  72.77574542
 72.92053578 72.99100642 73.37864949 73.46231427]",[70.18 72.45 73.49 72.73 72.17 74.54 74.31 74.87 73.5  70.79],1.2516371985423718,1.5034600394400097,1.7125308184244583,44.44444444444444,0.961979866027832,"['close', 'anomaly', 'weighted_score_with_decay', 'open', 'high', 'low', 'volume', 'EMA_14', 'RSI_14', 'MACD', 'return', 'ATR_14', 'VWAP', 'value__mean', 'value__maximum', 'value__minimum', 'value__standard_deviation', 'value__partial_autocorrelation__lag_3', 'value__autocorrelation__lag_5', 'value__longest_strike_above_mean']",9.625449657440186
AFLT,6,gMLP,"[70.98646965 70.62556825 72.66719733 74.09384432 73.70319128 73.01225622
 74.82524051 74.95960517 75.22329154 73.91649294]",[70.18 72.45 73.49 72.73 72.17 74.54 74.31 74.87 73.5  70.79],1.333311361005498,1.556241958528551,1.8410380851630233,44.44444444444444,2.3987101316452026,"['close', 'anomaly', 'weighted_score_with_decay', 'open', 'high', 'low', 'volume', 'EMA_14', 'RSI_14', 'MACD', 'return', 'ATR_14', 'VWAP', 'value__mean', 'value__maximum', 'value__minimum', 'value__standard_deviation', 'value__partial_autocorrelation__lag_3', 'value__autocorrelation__lag_5', 'value__longest_strike_above_mean']",23.991090774536133
AFLT,6,TSSequencerPlus,"[71.62437982 70.94951241 73.17798801 74.30338217 73.71853169 73.02466035
 75.20820287 74.57164486 75.75290331 73.96051389]",[70.18 72.45 73.49 72.73 72.17 74.54 74.31 74.87 73.5  70.79],1.451410811638165,1.6621762697208298,2.004680660825955,33.33333333333333,2.8620542764663695,"['close', 'anomaly', 'weighted_score_with_decay', 'open', 'high', 'low', 'volume', 'EMA_14', 'RSI_14', 'MACD', 'return', 'ATR_14', 'VWAP', 'value__mean', 'value__maximum', 'value__minimum', 'value__standard_deviation', 'value__partial_autocorrelation__lag_3', 'value__autocorrelation__lag_5', 'value__longest_strike_above_mean']",28.62422275543213
LKOH,1,InceptionTime,"[6678.74052894 6648.86892602 6687.59099009 6748.4245427  6735.07767531
 6712.83528078 6817.14965218 6881.07326578 6897.31598116 6860.070365  ]",[6629.5 6732.5 6764.  6743.  6683.5 6856.5 6904.  6914.  6827.  6725. ],73.51109782696312,83.90581045155893,1.0834715449718957,55.55555555555556,1.1900468587875366,['close'],11.904547452926636
LKOH,1,XceptionTime,"[6466.27142995 6507.63790236 6558.08132833 6610.97486024 6646.57556749
 6658.53289996 6694.33676186 6730.16530277 6756.06358692 6744.65580925]",[6629.5 6732.5 6764.  6743.  6683.5 6856.5 6904.  6914.  6827.  6725. ],144.50161693867412,161.4825833320114,2.127120809830676,66.66666666666666,2.3601788759231566,['close'],23.60529375076294
LKOH,1,XCM,"[6492.17740393 6482.19707385 6496.77342033 6513.65707434 6521.50749955
 6516.1228282  6542.41347266 6588.95725919 6634.30259421 6656.0054486 ]",[6629.5 6732.5 6764.  6743.  6683.5 6856.5 6904.  6914.  6827.  6725. ],233.48859251328366,250.18105451322387,3.4316295565464907,33.33333333333333,1.0041780948638916,['close'],10.04506230354309
LKOH,1,gMLP,"[6688.46852521 6657.12995254 6729.32317665 6772.83403944 6761.40498061
 6707.74872458 6822.23853322 6874.28958134 6883.62879396 6812.2531958 ]",[6629.5 6732.5 6764.  6743.  6683.5 6856.5 6904.  6914.  6827.  6725. ],69.08595666904384,76.50386018557623,1.0184757151566393,55.55555555555556,2.15139000415802,['close'],21.51730489730835
LKOH,1,TSSequencerPlus,"[6680.91460565 6620.16707187 6691.93503034 6704.68942292 6696.75905922
 6640.92568632 6762.72924136 6783.35337316 6776.29786207 6719.80584604]",[6629.5 6732.5 6764.  6743.  6683.5 6856.5 6904.  6914.  6827.  6725. ],83.0770130795704,104.01680168798592,1.2175823395379524,66.66666666666666,2.8918049812316893,['close'],28.922263383865356
LKOH,6,InceptionTime,"[6670.48399958 6669.06458593 6675.40645332 6705.41021026 6710.99170297
 6697.10086001 6813.64674521 6852.65403775 6853.04082618 6819.32475662]",[6629.5 6732.5 6764.  6743.  6683.5 6856.5 6904.  6914.  6827.  6725. ],68.9558392875555,79.14022392214446,1.0143821012895207,44.44444444444444,1.181424617767334,"['close', 'anomaly', 'weighted_score_with_decay', 'open', 'high', 'low', 'volume', 'EMA_14', 'RSI_14', 'MACD', 'return', 'ATR_14', 'VWAP', 'value__mean', 'value__maximum', 'value__minimum', 'value__standard_deviation', 'value__partial_autocorrelation__lag_3', 'value__autocorrelation__lag_5', 'value__longest_strike_above_mean']",11.819876670837402
LKOH,6,XceptionTime,"[6569.99215373 6602.28720398 6649.36870509 6689.25519201 6708.14288483
 6692.28295332 6723.84010829 6765.63270574 6798.56288828 6798.20928373]",[6629.5 6732.5 6764.  6743.  6683.5 6856.5 6904.  6914.  6827.  6725. ],97.71302581191512,111.68644210544265,1.4347805430699312,55.55555555555556,2.37622926235199,"['close', 'anomaly', 'weighted_score_with_decay', 'open', 'high', 'low', 'volume', 'EMA_14', 'RSI_14', 'MACD', 'return', 'ATR_14', 'VWAP', 'value__mean', 'value__maximum', 'value__minimum', 'value__standard_deviation', 'value__partial_autocorrelation__lag_3', 'value__autocorrelation__lag_5', 'value__longest_strike_above_mean']",23.76612901687622
LKOH,6,XCM,"[6529.13833891 6532.3989226  6568.06534787 6603.854161   6611.23400584
 6601.52575885 6632.58337155 6667.62108721 6704.55938275 6724.98031349]",[6629.5 6732.5 6764.  6743.  6683.5 6856.5 6904.  6914.  6827.  6725. ],160.3039309921681,180.95865665333457,2.353484367155154,44.44444444444444,1.0180145025253295,"['close', 'anomaly', 'weighted_score_with_decay', 'open', 'high', 'low', 'volume', 'EMA_14', 'RSI_14', 'MACD', 'return', 'ATR_14', 'VWAP', 'value__mean', 'value__maximum', 'value__minimum', 'value__standard_deviation', 'value__partial_autocorrelation__lag_3', 'value__autocorrelation__lag_5', 'value__longest_strike_above_mean']",10.184065580368042
LKOH,6,gMLP,"[6658.89907936 6626.29217202 6691.00929897 6718.95101683 6705.25231923
 6672.22329868 6774.98395842 6816.7728093  6828.6692298  6780.05663166]",[6629.5 6732.5 6764.  6743.  6683.5 6856.5 6904.  6914.  6827.  6725. ],72.16447058190496,90.34033167658332,1.0587925142834889,55.55555555555556,2.2115978479385374,"['close', 'anomaly', 'weighted_score_with_decay', 'open', 'high', 'low', 'volume', 'EMA_14', 'RSI_14', 'MACD', 'return', 'ATR_14', 'VWAP', 'value__mean', 'value__maximum', 'value__minimum', 'value__standard_deviation', 'value__partial_autocorrelation__lag_3', 'value__autocorrelation__lag_5', 'value__longest_strike_above_mean']",22.120211362838745
LKOH,6,TSSequencerPlus,"[6765.0708991  6724.28826906 6779.04523699 6800.88629501 6801.66451049
 6736.02447921 6761.94679749 6790.77948466 6820.88475573 6742.34725695]",[6629.5 6732.5 6764.  6743.  6683.5 6856.5 6904.  6914.  6827.  6725. ],74.40904123899517,92.84504157001196,1.0960198568976458,44.44444444444444,2.8914425134658814,"['close', 'anomaly', 'weighted_score_with_decay', 'open', 'high', 'low', 'volume', 'EMA_14', 'RSI_14', 'MACD', 'return', 'ATR_14', 'VWAP', 'value__mean', 'value__maximum', 'value__minimum', 'value__standard_deviation', 'value__partial_autocorrelation__lag_3', 'value__autocorrelation__lag_5', 'value__longest_strike_above_mean']",28.919017553329468
MOEX,1,InceptionTime,"[182.44105211 181.38696387 183.32768808 187.26575928 189.90652392
 192.89139461 193.46248523 194.01857069 193.95479233 191.84668267]",[191.61 197.45 206.39 205.01 209.57 208.02 207.16 207.87 203.68 199.6 ],14.585808719968032,15.292232132282756,7.134007203299261,55.55555555555556,1.191096258163452,['close'],11.91515827178955
MOEX,1,XceptionTime,"[181.19973091 180.88166156 182.6215253  186.73604466 189.99191301
 193.75342294 195.86342944 196.37359468 196.01350677 194.5074285 ]",[191.61 197.45 206.39 205.01 209.57 208.02 207.16 207.87 203.68 199.6 ],13.841774222723355,14.876448938673812,6.775350620344324,55.55555555555556,2.388742184638977,['close'],23.891117572784424
MOEX,1,XCM,"[166.68858999 166.22631122 168.30591157 170.88223215 172.7647349
 173.77837756 174.93999252 175.27777574 177.25517238 177.13339359]",[191.61 197.45 206.39 205.01 209.57 208.02 207.16 207.87 203.68 199.6 ],31.31075083761259,31.688508763619584,15.340401620191917,44.44444444444444,0.9953034400939942,['close'],9.957013368606567
MOEX,1,gMLP,"[185.53155524 184.30119361 186.45187701 189.57610192 190.02152751
 191.30900026 191.58732829 191.60182454 191.91640347 190.8526048 ]",[191.61 197.45 206.39 205.01 209.57 208.02 207.16 207.87 203.68 199.6 ],14.32105833426599,14.929948461062446,6.988298310481832,44.44444444444444,2.251040744781494,['close'],22.513894081115723
MOEX,1,TSSequencerPlus,"[190.2647304  188.70488235 189.9039074  191.11408736 191.11916105
 191.40242397 191.79943106 192.36632188 192.29134748 191.76599716]",[191.61 197.45 206.39 205.01 209.57 208.02 207.16 207.87 203.68 199.6 ],12.562770988603452,13.517159026053939,6.107918817216479,55.55555555555556,2.8554140090942384,['close'],28.558072090148926
MOEX,6,InceptionTime,"[182.53238352 180.63962944 183.75554304 187.59469033 188.08861568
 190.3533216  192.10240382 191.08465876 190.08620569 189.02266271]",[191.61 197.45 206.39 205.01 209.57 208.02 207.16 207.87 203.68 199.6 ],16.109988541803514,16.611185753901285,7.877284463704565,44.44444444444444,1.1864279747009276,"['close', 'anomaly', 'weighted_score_with_decay', 'open', 'high', 'low', 'volume', 'EMA_14', 'RSI_14', 'MACD', 'return', 'ATR_14', 'VWAP', 'value__mean', 'value__maximum', 'value__minimum', 'value__standard_deviation', 'value__partial_autocorrelation__lag_3', 'value__autocorrelation__lag_5', 'value__longest_strike_above_mean']",11.868466138839722
MOEX,6,XceptionTime,"[190.59875974 189.73921208 190.58505173 194.22608591 197.2077474
 200.77256999 202.88385008 203.33453299 203.1514956  201.17882785]",[191.61 197.45 206.39 205.01 209.57 208.02 207.16 207.87 203.68 199.6 ],6.583952231411933,8.206987964404087,3.2030340931916443,55.55555555555556,2.38674111366272,"['close', 'anomaly', 'weighted_score_with_decay', 'open', 'high', 'low', 'volume', 'EMA_14', 'RSI_14', 'MACD', 'return', 'ATR_14', 'VWAP', 'value__mean', 'value__maximum', 'value__minimum', 'value__standard_deviation', 'value__partial_autocorrelation__lag_3', 'value__autocorrelation__lag_5', 'value__longest_strike_above_mean']",23.87099528312683
MOEX,6,XCM,"[182.38435657 183.97251109 186.17537158 190.04278328 192.21865452
 192.93097734 193.93317878 194.34506175 194.32485453 193.69583896]",[191.61 197.45 206.39 205.01 209.57 208.02 207.16 207.87 203.68 199.6 ],13.233641160450281,13.81449382360574,6.471115486430623,66.66666666666666,0.9339629888534546,"['close', 'anomaly', 'weighted_score_with_decay', 'open', 'high', 'low', 'volume', 'EMA_14', 'RSI_14', 'MACD', 'return', 'ATR_14', 'VWAP', 'value__mean', 'value__maximum', 'value__minimum', 'value__standard_deviation', 'value__partial_autocorrelation__lag_3', 'value__autocorrelation__lag_5', 'value__longest_strike_above_mean']",9.344107389450073
MOEX,6,gMLP,"[185.92143921 184.78045575 186.69880565 188.98314807 189.36981057
 190.23932301 190.70396587 190.86804035 191.21446835 190.56920988]",[191.61 197.45 206.39 205.01 209.57 208.02 207.16 207.87 203.68 199.6 ],14.701133329599557,15.357384742165854,7.1697590817472765,44.44444444444444,2.247330594062805,"['close', 'anomaly', 'weighted_score_with_decay', 'open', 'high', 'low', 'volume', 'EMA_14', 'RSI_14', 'MACD', 'return', 'ATR_14', 'VWAP', 'value__mean', 'value__maximum', 'value__minimum', 'value__standard_deviation', 'value__partial_autocorrelation__lag_3', 'value__autocorrelation__lag_5', 'value__longest_strike_above_mean']",22.47764825820923
MOEX,6,TSSequencerPlus,"[194.09029127 192.55209951 194.31379454 195.95814367 195.97267436
 196.99721687 196.43767201 196.7743409  196.7302295  195.64681351]",[191.61 197.45 206.39 205.01 209.57 208.02 207.16 207.87 203.68 199.6 ],8.584730640429962,9.307578039774935,4.173492808651491,66.66666666666666,2.845665431022644,"['close', 'anomaly', 'weighted_score_with_decay', 'open', 'high', 'low', 'volume', 'EMA_14', 'RSI_14', 'MACD', 'return', 'ATR_14', 'VWAP', 'value__mean', 'value__maximum', 'value__minimum', 'value__standard_deviation', 'value__partial_autocorrelation__lag_3', 'value__autocorrelation__lag_5', 'value__longest_strike_above_mean']",28.460193395614624
NVTK,1,InceptionTime,"[1131.48937667 1172.66276509 1208.13209118 1215.36943492 1239.01018274
 1249.44096376 1255.3905658  1264.58214755 1284.64730125 1282.62695959]",[1190.2 1219.8 1193.  1237.  1244.8 1235.4 1249.  1314.6 1266.2 1214.6],30.53239746077181,37.55926441251831,2.479001211277168,66.66666666666666,1.1816783666610717,['close'],11.826350450515747
NVTK,1,XceptionTime,"[1102.65936224 1114.00034123 1133.93376133 1148.8473036  1173.05851284
 1196.53674121 1211.53540365 1226.18219698 1253.60062975 1267.12256711]",[1190.2 1219.8 1193.  1237.  1244.8 1235.4 1249.  1314.6 1266.2 1214.6],64.21683142727458,69.93748022878202,5.205986324287946,55.55555555555556,2.3909407377243044,['close'],23.912837743759155
NVTK,1,XCM,"[1057.22334625 1058.48235806 1064.53651189 1072.44472637 1086.56544726
 1101.3930007  1119.43572075 1135.3893602  1154.23208472 1170.0591183 ]",[1190.2 1219.8 1193.  1237.  1244.8 1235.4 1249.  1314.6 1266.2 1214.6],134.483832551183,139.1788732222965,10.85430593645259,55.55555555555556,1.0055747509002686,['close'],10.059382677078247
NVTK,1,gMLP,"[1153.21271329 1188.41418676 1223.31528321 1202.6515633  1239.79520266
 1250.58767848 1241.36113056 1256.59340221 1307.01391292 1282.49252539]",[1190.2 1219.8 1193.  1237.  1244.8 1235.4 1249.  1314.6 1266.2 1214.6],32.75812012209815,37.95518664209537,2.6467092171051876,44.44444444444444,2.1453442573547363,['close'],21.457163095474243
NVTK,1,TSSequencerPlus,"[1157.9848294  1190.62606101 1205.66642892 1190.90588808 1219.60741341
 1235.15316951 1236.80773373 1241.83932718 1281.72707871 1261.79663269]",[1190.2 1219.8 1193.  1237.  1244.8 1235.4 1249.  1314.6 1266.2 1214.6],29.32657179900691,35.665316525651875,2.3553244552618686,55.55555555555556,2.952990674972534,['close'],29.53380537033081
NVTK,6,InceptionTime,"[1111.31517845 1133.90950129 1160.6268745  1172.40901593 1188.76259542
 1204.51331587 1199.13045421 1208.76360627 1246.75994746 1230.61477646]",[1190.2 1219.8 1193.  1237.  1244.8 1235.4 1249.  1314.6 1266.2 1214.6],53.982428704544986,61.0220352229957,4.350368163559684,55.55555555555556,1.1548237800598145,"['close', 'anomaly', 'weighted_score_with_decay', 'open', 'high', 'low', 'volume', 'EMA_14', 'RSI_14', 'MACD', 'return', 'ATR_14', 'VWAP', 'value__mean', 'value__maximum', 'value__minimum', 'value__standard_deviation', 'value__partial_autocorrelation__lag_3', 'value__autocorrelation__lag_5', 'value__longest_strike_above_mean']",11.553738355636597
NVTK,6,XceptionTime,"[1100.01853462 1099.75528247 1107.41781981 1129.30625475 1158.23349336
 1180.99992073 1192.97209371 1202.60599684 1232.16633012 1239.94387023]",[1190.2 1219.8 1193.  1237.  1244.8 1235.4 1249.  1314.6 1266.2 1214.6],77.18681438194253,83.30738106793999,6.243529924548937,44.44444444444444,2.392643117904663,"['close', 'anomaly', 'weighted_score_with_decay', 'open', 'high', 'low', 'volume', 'EMA_14', 'RSI_14', 'MACD', 'return', 'ATR_14', 'VWAP', 'value__mean', 'value__maximum', 'value__minimum', 'value__standard_deviation', 'value__partial_autocorrelation__lag_3', 'value__autocorrelation__lag_5', 'value__longest_strike_above_mean']",23.931740283966064
NVTK,6,XCM,"[1108.33295385 1117.830398   1132.7808878  1142.3140787  1155.63343511
 1171.71912493 1184.90627763 1197.56749787 1216.34218973 1228.05204269]",[1190.2 1219.8 1193.  1237.  1244.8 1235.4 1249.  1314.6 1266.2 1214.6],73.60251990693662,78.84737077849401,5.93371905357505,55.55555555555556,1.0090116262435913,"['close', 'anomaly', 'weighted_score_with_decay', 'open', 'high', 'low', 'volume', 'EMA_14', 'RSI_14', 'MACD', 'return', 'ATR_14', 'VWAP', 'value__mean', 'value__maximum', 'value__minimum', 'value__standard_deviation', 'value__partial_autocorrelation__lag_3', 'value__autocorrelation__lag_5', 'value__longest_strike_above_mean']",10.093758583068848
NVTK,6,gMLP,"[1145.85278474 1180.21829625 1214.77479522 1199.68913643 1233.11088895
 1246.3013532  1238.30923995 1252.44857439 1304.0975734  1281.97786977]",[1190.2 1219.8 1193.  1237.  1244.8 1235.4 1249.  1314.6 1266.2 1214.6],34.37226708856845,39.507213643937455,2.775794003131713,44.44444444444444,2.2470850229263304,"['close', 'anomaly', 'weighted_score_with_decay', 'open', 'high', 'low', 'volume', 'EMA_14', 'RSI_14', 'MACD', 'return', 'ATR_14', 'VWAP', 'value__mean', 'value__maximum', 'value__minimum', 'value__standard_deviation', 'value__partial_autocorrelation__lag_3', 'value__autocorrelation__lag_5', 'value__longest_strike_above_mean']",22.47451162338257
NVTK,6,TSSequencerPlus,"[1151.79889359 1195.24557608 1208.43483081 1203.57235634 1223.07171784
 1244.96692829 1231.01707916 1248.15589219 1288.65644188 1261.73624203]",[1190.2 1219.8 1193.  1237.  1244.8 1235.4 1249.  1314.6 1266.2 1214.6],29.71329278145374,33.85435338679992,2.390389182727138,44.44444444444444,2.845191740989685,"['close', 'anomaly', 'weighted_score_with_decay', 'open', 'high', 'low', 'volume', 'EMA_14', 'RSI_14', 'MACD', 'return', 'ATR_14', 'VWAP', 'value__mean', 'value__maximum', 'value__minimum', 'value__standard_deviation', 'value__partial_autocorrelation__lag_3', 'value__autocorrelation__lag_5', 'value__longest_strike_above_mean']",28.45601487159729
PIKK,1,InceptionTime,"[539.84875522 537.24159334 537.6786925  547.40369147 549.96947946
 556.19843039 564.33710831 568.1498095  572.43962507 573.78974458]",[433.2 450.  478.2 471.4 504.6 511.6 514.2 516.  503.7 484.2],67.99569298595263,70.94471713158312,14.228210394324611,55.55555555555556,1.187187123298645,['close'],11.87585163116455
PIKK,1,XceptionTime,"[558.81647263 557.28024938 555.02821186 552.85369056 550.89375279
 549.6581104  548.90604406 548.16907806 547.20663478 547.33395993]",[433.2 450.  478.2 471.4 504.6 511.6 514.2 516.  503.7 484.2],64.90462044446697,71.78819018778945,13.745607427944808,22.22222222222222,2.395745849609375,['close'],23.962273359298706
PIKK,1,XCM,"[541.24282131 537.38976795 533.60239315 529.12633311 523.26123937
 519.80121671 517.26552586 513.62788156 511.02214178 507.53748645]",[433.2 450.  478.2 471.4 504.6 511.6 514.2 516.  503.7 484.2],37.15210441351961,51.71146460824133,8.082255213841119,33.33333333333333,0.9528785228729248,['close'],9.533159971237183
PIKK,1,gMLP,"[458.77476425 457.72404233 466.85354422 490.54404481 491.8498382
 517.05695283 529.07841951 534.37209882 533.50473058 518.50840959]",[433.2 450.  478.2 471.4 504.6 511.6 514.2 516.  503.7 484.2],17.9360080311376,20.063900874581837,3.7104154369944222,77.77777777777779,2.2556286811828614,['close'],22.560170650482178
PIKK,1,TSSequencerPlus,"[454.4895906  451.60514959 466.93586983 480.63072916 476.50738037
 491.65383124 498.29594831 501.97295574 500.66023317 496.65084717]",[433.2 450.  478.2 471.4 504.6 511.6 514.2 516.  503.7 484.2],13.685009785609418,15.712783639072253,2.803726387435987,66.66666666666666,2.856612467765808,['close'],28.570128917694092
PIKK,6,InceptionTime,"[527.60700748 523.40698979 523.61282021 526.09550474 531.55729562
 533.27740757 538.22402722 541.52653866 544.51981922 544.79522334]",[433.2 450.  478.2 471.4 504.6 511.6 514.2 516.  503.7 484.2],46.75226338341529,52.075516576045906,9.902210590513702,55.55555555555556,1.1766669273376464,"['close', 'anomaly', 'weighted_score_with_decay', 'open', 'high', 'low', 'volume', 'EMA_14', 'RSI_14', 'MACD', 'return', 'ATR_14', 'VWAP', 'value__mean', 'value__maximum', 'value__minimum', 'value__standard_deviation', 'value__partial_autocorrelation__lag_3', 'value__autocorrelation__lag_5', 'value__longest_strike_above_mean']",11.770236492156982
PIKK,6,XceptionTime,"[554.35916081 554.75366961 553.83758331 551.90874826 550.01246
 548.88873449 547.68437056 546.7701247  546.69719039 546.676     ]",[433.2 450.  478.2 471.4 504.6 511.6 514.2 516.  503.7 484.2],63.44880421186069,70.09160430869719,13.434548272456027,44.44444444444444,2.407478618621826,"['close', 'anomaly', 'weighted_score_with_decay', 'open', 'high', 'low', 'volume', 'EMA_14', 'RSI_14', 'MACD', 'return', 'ATR_14', 'VWAP', 'value__mean', 'value__maximum', 'value__minimum', 'value__standard_deviation', 'value__partial_autocorrelation__lag_3', 'value__autocorrelation__lag_5', 'value__longest_strike_above_mean']",24.078980684280396
PIKK,6,XCM,"[497.14766201 500.09658097 502.18333857 502.21650183 499.17992128
 500.81461766 503.20573485 506.39569741 508.38456559 506.94926861]",[433.2 450.  478.2 471.4 504.6 511.6 514.2 516.  503.7 484.2],23.30819463825108,30.03684539354053,5.025691601555065,66.66666666666666,0.9765660047531128,"['close', 'anomaly', 'weighted_score_with_decay', 'open', 'high', 'low', 'volume', 'EMA_14', 'RSI_14', 'MACD', 'return', 'ATR_14', 'VWAP', 'value__mean', 'value__maximum', 'value__minimum', 'value__standard_deviation', 'value__partial_autocorrelation__lag_3', 'value__autocorrelation__lag_5', 'value__longest_strike_above_mean']",9.770780086517334
PIKK,6,gMLP,"[447.68690226 446.40690849 457.04794703 481.13496497 483.88721381
 510.17328966 524.05210258 529.51036303 529.66498887 516.13251645]",[433.2 450.  478.2 471.4 504.6 511.6 514.2 516.  503.7 484.2],15.23664791606293,17.803018377671645,3.129872051394785,66.66666666666666,2.153168225288391,"['close', 'anomaly', 'weighted_score_with_decay', 'open', 'high', 'low', 'volume', 'EMA_14', 'RSI_14', 'MACD', 'return', 'ATR_14', 'VWAP', 'value__mean', 'value__maximum', 'value__minimum', 'value__standard_deviation', 'value__partial_autocorrelation__lag_3', 'value__autocorrelation__lag_5', 'value__longest_strike_above_mean']",21.538667678833008
PIKK,6,TSSequencerPlus,"[458.29049152 452.02171002 462.04852331 487.62378773 481.58825813
 503.71780445 514.07859529 515.14429948 517.7016845  507.85453982]",[433.2 450.  478.2 471.4 504.6 511.6 514.2 516.  503.7 484.2],12.901473292844969,15.829410031231195,2.7015920477086683,55.55555555555556,2.8892438411712646,"['close', 'anomaly', 'weighted_score_with_decay', 'open', 'high', 'low', 'volume', 'EMA_14', 'RSI_14', 'MACD', 'return', 'ATR_14', 'VWAP', 'value__mean', 'value__maximum', 'value__minimum', 'value__standard_deviation', 'value__partial_autocorrelation__lag_3', 'value__autocorrelation__lag_5', 'value__longest_strike_above_mean']",28.8969144821167
SBER,1,InceptionTime,"[305.91241431 302.55418457 307.44971452 312.13900584 310.73292876
 309.76075026 317.37507264 317.38539239 316.50714148 316.87029839]",[300.01 308.12 312.25 310.   310.16 316.69 317.58 318.18 314.23 309.41],3.664667439460794,4.508796445746041,1.1823924717536474,44.44444444444444,1.1614009380340575,['close'],11.618453741073608
SBER,1,XceptionTime,"[298.2157573  299.05998878 301.87173341 305.47719785 308.01429269
 309.58577615 312.54024754 315.24983707 317.65691498 318.31408052]",[300.01 308.12 312.25 310.   310.16 316.69 317.58 318.18 314.23 309.41],5.530616472725876,6.273377713118158,1.7732404351721471,66.66666666666666,2.4006696462631227,['close'],24.010145664215088
SBER,1,XCM,"[298.55712062 295.2854919  294.29102095 296.55593798 299.3723883
 301.58431423 304.9006172  307.89067907 309.69236889 310.05931566]",[300.01 308.12 312.25 310.   310.16 316.69 317.58 318.18 314.23 309.41],9.9739376530622,11.41186259167793,3.186612479510077,44.44444444444444,1.0017488241195678,['close'],10.021730899810791
SBER,1,gMLP,"[304.91611916 301.56491072 307.88198993 312.40972429 311.89230723
 311.95946751 317.03003858 318.44917543 318.81267484 316.51911417]",[300.01 308.12 312.25 310.   310.16 316.69 317.58 318.18 314.23 309.41],3.7212708386189606,4.349938342491981,1.2005029905077655,55.55555555555556,2.190901446342468,['close'],21.91351079940796
SBER,1,TSSequencerPlus,"[300.07068392 296.78675489 302.24727998 306.07330859 302.58506191
 301.89946122 305.43725163 307.6204967  307.70034446 305.026606  ]",[300.01 308.12 312.25 310.   310.16 316.69 317.58 318.18 314.23 309.41],8.130411853760837,9.169837278950931,2.591807195493457,44.44444444444444,2.8897058010101317,['close'],28.900983572006226
SBER,6,InceptionTime,"[301.02249939 299.17260347 303.31110199 307.02820475 307.47298584
 309.39667941 313.85177359 316.03554644 317.08335452 316.02218869]",[300.01 308.12 312.25 310.   310.16 316.69 317.58 318.18 314.23 309.41],4.718914710543453,5.482609954497068,1.5125054581955257,66.66666666666666,1.1690259456634522,"['close', 'anomaly', 'weighted_score_with_decay', 'open', 'high', 'low', 'volume', 'EMA_14', 'RSI_14', 'MACD', 'return', 'ATR_14', 'VWAP', 'value__mean', 'value__maximum', 'value__minimum', 'value__standard_deviation', 'value__partial_autocorrelation__lag_3', 'value__autocorrelation__lag_5', 'value__longest_strike_above_mean']",11.694934129714966
SBER,6,XceptionTime,"[296.14364348 296.85948818 300.11040483 303.34525658 305.58105121
 307.01905978 310.07449793 312.25872319 313.871406   314.43672573]",[300.01 308.12 312.25 310.   310.16 316.69 317.58 318.18 314.23 309.41],6.698319455647317,7.5145706364510465,2.14709357942478,66.66666666666666,2.37890419960022,"['close', 'anomaly', 'weighted_score_with_decay', 'open', 'high', 'low', 'volume', 'EMA_14', 'RSI_14', 'MACD', 'return', 'ATR_14', 'VWAP', 'value__mean', 'value__maximum', 'value__minimum', 'value__standard_deviation', 'value__partial_autocorrelation__lag_3', 'value__autocorrelation__lag_5', 'value__longest_strike_above_mean']",23.793893814086914
SBER,6,XCM,"[302.3585411  302.63939496 304.32109155 308.52531819 309.67791895
 310.36118885 313.42913181 316.09680962 318.03112412 319.19508008]",[300.01 308.12 312.25 310.   310.16 316.69 317.58 318.18 314.23 309.41],4.386389136627838,5.221560407138735,1.406429643369354,66.66666666666666,1.0049144268035888,"['close', 'anomaly', 'weighted_score_with_decay', 'open', 'high', 'low', 'volume', 'EMA_14', 'RSI_14', 'MACD', 'return', 'ATR_14', 'VWAP', 'value__mean', 'value__maximum', 'value__minimum', 'value__standard_deviation', 'value__partial_autocorrelation__lag_3', 'value__autocorrelation__lag_5', 'value__longest_strike_above_mean']",10.052857875823975
SBER,6,gMLP,"[304.42302874 301.65885771 307.22455102 311.80157822 312.06687153
 311.95944588 316.5691443  318.30660077 319.05619214 316.93288888]",[300.01 308.12 312.25 310.   310.16 316.69 317.58 318.18 314.23 309.41],3.7825161372958744,4.434638089644422,1.2192387401053248,55.55555555555556,2.2412338495254516,"['close', 'anomaly', 'weighted_score_with_decay', 'open', 'high', 'low', 'volume', 'EMA_14', 'RSI_14', 'MACD', 'return', 'ATR_14', 'VWAP', 'value__mean', 'value__maximum', 'value__minimum', 'value__standard_deviation', 'value__partial_autocorrelation__lag_3', 'value__autocorrelation__lag_5', 'value__longest_strike_above_mean']",22.416062355041504
SBER,6,TSSequencerPlus,"[304.46046158 301.59487254 305.30823721 307.94163434 304.56235427
 304.51392224 309.34974558 310.71873294 308.43713926 308.98763271]",[300.01 308.12 312.25 310.   310.16 316.69 317.58 318.18 314.23 309.41],5.965619047513911,6.719691714024155,1.9054399886286881,44.44444444444444,2.8153706550598145,"['close', 'anomaly', 'weighted_score_with_decay', 'open', 'high', 'low', 'volume', 'EMA_14', 'RSI_14', 'MACD', 'return', 'ATR_14', 'VWAP', 'value__mean', 'value__maximum', 'value__minimum', 'value__standard_deviation', 'value__partial_autocorrelation__lag_3', 'value__autocorrelation__lag_5', 'value__longest_strike_above_mean']",28.157654523849487
VKCO,1,InceptionTime,"[273.98709574 271.93426131 272.1810435  276.97335783 279.90390593
 281.93399144 284.68216833 289.69597139 293.62253518 294.18734664]",[248.3 255.3 274.4 272.5 272.8 283.6 282.8 283.6 272.9 263.8],11.68716073996149,15.51843749746156,4.443012056387149,44.44444444444444,0.5153907060623169,['close'],5.158372163772583
VKCO,1,XceptionTime,"[876.08013582 876.08013582 876.08013582 876.08013582 876.08013582
 876.08013582 876.08013582 876.08013582 876.08013582 876.08013582]",[248.3 255.3 274.4 272.5 272.8 283.6 282.8 283.6 272.9 263.8],605.0801358234295,605.1868098100782,223.86427597370061,44.44444444444444,1.1365452051162719,['close'],11.37091326713562
VKCO,1,XCM,"[284.5891218  282.30716501 281.56256486 281.4626063  282.36747436
 283.62759029 286.27128922 288.54196648 292.12471383 293.33671141]",[248.3 255.3 274.4 272.5 272.8 283.6 282.8 283.6 272.9 263.8],14.619120356657453,18.835963264772015,5.582107744344443,44.44444444444444,0.5029855012893677,['close'],5.034011602401733
VKCO,1,gMLP,"[268.23925047 266.985287   267.93827341 273.53101581 276.77594726
 278.8305287  283.09361712 285.71904854 287.62889514 285.64335803]",[248.3 255.3 274.4 272.5 272.8 283.6 282.8 283.6 272.9 263.8],8.684761724709045,11.463602305935009,3.300828676992857,55.55555555555556,1.000077486038208,['close'],10.005500555038452
VKCO,1,TSSequencerPlus,"[283.65713732 282.21970127 284.67730712 294.24750407 295.31685562
 297.89075065 302.47494456 304.63647255 305.89814559 300.68788142]",[248.3 255.3 274.4 272.5 272.8 283.6 282.8 283.6 272.9 263.8],24.17067001626553,25.5809280910782,9.025295383324728,55.55555555555556,1.3791886568069458,['close'],13.795341730117798
VKCO,6,InceptionTime,"[287.35506524 286.61534424 288.20985311 291.0033686  292.14059334
 294.76734306 297.40379813 301.43612348 303.82684828 305.62819051]",[248.3 255.3 274.4 272.5 272.8 283.6 282.8 283.6 272.9 263.8],23.838652801079483,26.029347643468313,8.948729743664085,44.44444444444444,0.6214206457138062,"['close', 'anomaly', 'weighted_score_with_decay', 'open', 'high', 'low', 'volume', 'EMA_14', 'RSI_14', 'MACD', 'return', 'ATR_14', 'VWAP', 'value__mean', 'value__maximum', 'value__minimum', 'value__standard_deviation', 'value__partial_autocorrelation__lag_3', 'value__autocorrelation__lag_5', 'value__longest_strike_above_mean']",6.217565536499023
VKCO,6,XceptionTime,"[870.26382253 870.26382253 870.26382253 870.26382253 870.26382253
 870.26382253 870.26382253 870.26382253 870.26382253 870.26382253]",[248.3 255.3 274.4 272.5 272.8 283.6 282.8 283.6 272.9 263.8],599.2638225255971,599.3715316796339,221.71413465898152,44.44444444444444,1.1365563869476318,"['close', 'anomaly', 'weighted_score_with_decay', 'open', 'high', 'low', 'volume', 'EMA_14', 'RSI_14', 'MACD', 'return', 'ATR_14', 'VWAP', 'value__mean', 'value__maximum', 'value__minimum', 'value__standard_deviation', 'value__partial_autocorrelation__lag_3', 'value__autocorrelation__lag_5', 'value__longest_strike_above_mean']",11.369059085845947
VKCO,6,XCM,"[255.96933921 254.55877872 253.79050815 254.9407237  255.87130389
 258.09144875 260.25623161 262.5882334  265.19817815 267.28478954]",[248.3 255.3 274.4 272.5 272.8 283.6 282.8 283.6 272.9 263.8],14.375872237632342,16.585813506988725,5.2057462614265955,33.33333333333333,0.43346614837646485,"['close', 'anomaly', 'weighted_score_with_decay', 'open', 'high', 'low', 'volume', 'EMA_14', 'RSI_14', 'MACD', 'return', 'ATR_14', 'VWAP', 'value__mean', 'value__maximum', 'value__minimum', 'value__standard_deviation', 'value__partial_autocorrelation__lag_3', 'value__autocorrelation__lag_5', 'value__longest_strike_above_mean']",4.337959289550781
VKCO,6,gMLP,"[263.88716354 262.97886409 263.70242211 268.27035411 271.34509802
 273.65693384 277.83597229 280.83775618 283.2708144  282.50163749]",[248.3 255.3 274.4 272.5 272.8 283.6 282.8 283.6 272.9 263.8],8.638994298735128,10.123292946344007,3.239422705646043,55.55555555555556,1.087307333946228,"['close', 'anomaly', 'weighted_score_with_decay', 'open', 'high', 'low', 'volume', 'EMA_14', 'RSI_14', 'MACD', 'return', 'ATR_14', 'VWAP', 'value__mean', 'value__maximum', 'value__minimum', 'value__standard_deviation', 'value__partial_autocorrelation__lag_3', 'value__autocorrelation__lag_5', 'value__longest_strike_above_mean']",10.876586437225342
VKCO,6,TSSequencerPlus,"[294.71016838 289.27124776 295.99761827 304.12563695 304.63692359
 306.04941003 312.32721989 312.17291623 312.11966901 307.10283648]",[248.3 255.3 274.4 272.5 272.8 283.6 282.8 283.6 272.9 263.8],32.8513646599938,33.754613739180655,12.236302886324427,55.55555555555556,1.3606148719787599,"['close', 'anomaly', 'weighted_score_with_decay', 'open', 'high', 'low', 'volume', 'EMA_14', 'RSI_14', 'MACD', 'return', 'ATR_14', 'VWAP', 'value__mean', 'value__maximum', 'value__minimum', 'value__standard_deviation', 'value__partial_autocorrelation__lag_3', 'value__autocorrelation__lag_5', 'value__longest_strike_above_mean']",13.609612703323364
VTBR,1,InceptionTime,"[81.95583466 83.3041731  85.49319775 86.79478644 87.06181328 87.50541512
 88.59311065 88.67457432 88.99711386 92.42042501]",[83.3  85.39 86.32 85.4  85.52 87.24 87.84 87.93 98.55 97.3 ],2.3388955449341635,3.5696438357399085,2.5167095373767245,77.77777777777779,0.841636323928833,['close'],8.420852661132812
VTBR,1,XceptionTime,"[156.26287728 156.26287728 156.26287728 156.26287728 156.26287728
 156.26287728 156.26287728 156.26287728 156.26287728 156.26287728]",[83.3  85.39 86.32 85.4  85.52 87.24 87.84 87.93 98.55 97.3 ],67.78387727539638,67.96122517646364,77.12025924713359,22.22222222222222,1.7430299997329712,['close'],17.43420147895813
VTBR,1,XCM,"[81.15955439 82.18729593 83.28227631 84.38200769 85.33331808 86.29541147
 87.21095219 88.05156096 88.71470789 89.93023676]",[83.3  85.39 86.32 85.4  85.52 87.24 87.84 87.93 98.55 97.3 ],2.8485800257207545,4.212918838163411,3.074109612692232,77.77777777777779,0.6568362474441528,['close'],6.571681499481201
VTBR,1,gMLP,"[82.3406509  83.20740068 84.69828295 85.90836403 85.83731031 85.83669796
 86.89495142 87.71367748 87.91085419 95.17129136]",[83.3  85.39 86.32 85.4  85.52 87.24 87.84 87.93 98.55 97.3 ],2.092186740065729,3.5959027996413906,2.2466660168095642,55.55555555555556,1.6331776618957519,['close'],16.335803270339966
VTBR,1,TSSequencerPlus,"[84.39254433 84.99808108 86.09331485 86.75845367 86.4416294  85.93717263
 86.32040521 87.49487848 87.7368412  92.99874385]",[83.3  85.39 86.32 85.4  85.52 87.24 87.84 87.93 98.55 97.3 ],2.2363190087936973,3.7909695679544155,2.38125952393969,55.55555555555556,2.0489322662353517,['close'],20.49346089363098
VTBR,6,InceptionTime,"[83.38044275 85.06127134 86.45845343 88.17945064 88.87104362 89.11561056
 89.91544872 91.00154711 91.80092857 94.62946805]",[83.3  85.39 86.32 85.4  85.52 87.24 87.84 87.93 98.55 97.3 ],2.312032886757038,2.983790410826324,2.54138842338908,77.77777777777779,0.8900476694107056,"['close', 'anomaly', 'weighted_score_with_decay', 'open', 'high', 'low', 'volume', 'EMA_14', 'RSI_14', 'MACD', 'return', 'ATR_14', 'VWAP', 'value__mean', 'value__maximum', 'value__minimum', 'value__standard_deviation', 'value__partial_autocorrelation__lag_3', 'value__autocorrelation__lag_5', 'value__longest_strike_above_mean']",8.904744148254395
VTBR,6,XceptionTime,"[155.96893341 155.96893341 155.96893341 155.96893341 155.96893341
 155.96893341 155.96893341 155.96893341 155.96893341 155.96893341]",[83.3  85.39 86.32 85.4  85.52 87.24 87.84 87.93 98.55 97.3 ],67.48993341190338,67.66805170051191,76.78708086072625,22.22222222222222,1.6702599763870238,"['close', 'anomaly', 'weighted_score_with_decay', 'open', 'high', 'low', 'volume', 'EMA_14', 'RSI_14', 'MACD', 'return', 'ATR_14', 'VWAP', 'value__mean', 'value__maximum', 'value__minimum', 'value__standard_deviation', 'value__partial_autocorrelation__lag_3', 'value__autocorrelation__lag_5', 'value__longest_strike_above_mean']",16.706330060958862
VTBR,6,XCM,"[78.05214642 79.14569256 80.37267973 81.84671407 83.2771721  84.58760909
 85.87837983 87.22017462 88.4017657  89.98169145]",[83.3  85.39 86.32 85.4  85.52 87.24 87.84 87.93 98.55 97.3 ],4.602597443510943,5.361803443787639,5.118553022861324,77.77777777777779,0.6966675281524658,"['close', 'anomaly', 'weighted_score_with_decay', 'open', 'high', 'low', 'volume', 'EMA_14', 'RSI_14', 'MACD', 'return', 'ATR_14', 'VWAP', 'value__mean', 'value__maximum', 'value__minimum', 'value__standard_deviation', 'value__partial_autocorrelation__lag_3', 'value__autocorrelation__lag_5', 'value__longest_strike_above_mean']",6.970755338668823
VTBR,6,gMLP,"[82.37062046 83.28195692 84.74306311 85.94701146 85.84751386 85.72433807
 86.78358244 87.70276713 87.97220672 94.52106829]",[83.3  85.39 86.32 85.4  85.52 87.24 87.84 87.93 98.55 97.3 ],2.16449221807913,3.6232287384355466,2.3222677764093356,55.55555555555556,1.594135570526123,"['close', 'anomaly', 'weighted_score_with_decay', 'open', 'high', 'low', 'volume', 'EMA_14', 'RSI_14', 'MACD', 'return', 'ATR_14', 'VWAP', 'value__mean', 'value__maximum', 'value__minimum', 'value__standard_deviation', 'value__partial_autocorrelation__lag_3', 'value__autocorrelation__lag_5', 'value__longest_strike_above_mean']",15.945728302001953
VTBR,6,TSSequencerPlus,"[84.7757067  84.44175985 86.13737852 86.48702887 86.29321898 86.41824266
 87.88983189 88.24666298 88.40911507 93.83853204]",[83.3  85.39 86.32 85.4  85.52 87.24 87.84 87.93 98.55 97.3 ],1.9257421286517953,3.47112475984034,2.0477030753026626,55.55555555555556,1.942900538444519,"['close', 'anomaly', 'weighted_score_with_decay', 'open', 'high', 'low', 'volume', 'EMA_14', 'RSI_14', 'MACD', 'return', 'ATR_14', 'VWAP', 'value__mean', 'value__maximum', 'value__minimum', 'value__standard_deviation', 'value__partial_autocorrelation__lag_3', 'value__autocorrelation__lag_5', 'value__longest_strike_above_mean']",19.432806253433228
X5,1,InceptionTime,"[2236.1637169  2223.20273631 2209.69477389 2251.14025864 2279.58129227
 2302.9129326  2285.94438269 2272.18785086 2274.56212451 2357.91952132]",[2234.  2209.  2308.5 2296.  2318.  2272.  2260.  2295.5 2402.5 2379. ],42.76379470073912,56.95781671988074,1.836654252878999,44.44444444444444,0.7838560819625855,['close'],7.842702150344849
X5,1,XceptionTime,"[2239.1475323  2214.80353556 2189.74127164 2214.02837912 2235.37644711
 2262.37081214 2265.29415902 2256.64575724 2265.31602763 2316.25643132]",[2234.  2209.  2308.5 2296.  2318.  2272.  2260.  2295.5 2402.5 2379. ],54.80101006944178,72.17784358425435,2.347032112960435,33.33333333333333,1.4728572607040404,['close'],14.731735229492188
X5,1,XCM,"[2211.83720943 2215.06727824 2213.27208751 2231.32135077 2250.37216247
 2271.29048008 2275.83743756 2277.44361504 2282.08411064 2302.1785517 ]",[2234.  2209.  2308.5 2296.  2318.  2272.  2260.  2295.5 2402.5 2379. ],48.7605148138809,62.71530176474655,2.088620705954148,33.33333333333333,0.5652702808380127,['close'],5.656278133392334
X5,1,gMLP,"[2252.05073935 2229.83442597 2199.30781797 2269.50491828 2278.19048827
 2303.18807278 2273.99149146 2254.25595941 2282.29931569 2374.13971015]",[2234.  2209.  2308.5 2296.  2318.  2272.  2260.  2295.5 2402.5 2379. ],42.58665197914083,56.84274555268926,1.8348533740036026,44.44444444444444,1.358028483390808,['close'],13.584275722503662
X5,1,TSSequencerPlus,"[2257.0830732  2237.46334089 2216.32296851 2297.05851886 2283.89280432
 2316.68291123 2282.96997163 2260.0675062  2298.96776882 2391.1708621 ]",[2234.  2209.  2308.5 2296.  2318.  2272.  2260.  2295.5 2402.5 2379. ],39.767763006701216,50.64653293671432,1.7179789313018148,33.33333333333333,1.8610352754592896,['close'],18.61416459083557
X5,6,InceptionTime,"[2237.72507946 2234.22164597 2210.02139508 2275.15016098 2297.92834366
 2336.38884059 2310.32677445 2308.50038819 2331.08020228 2406.65323487]",[2234.  2209.  2308.5 2296.  2318.  2272.  2260.  2295.5 2402.5 2379. ],39.513586152473906,48.88643621884101,1.7110747625914222,44.44444444444444,0.6760976076126098,"['close', 'anomaly', 'weighted_score_with_decay', 'open', 'high', 'low', 'volume', 'EMA_14', 'RSI_14', 'MACD', 'return', 'ATR_14', 'VWAP', 'value__mean', 'value__maximum', 'value__minimum', 'value__standard_deviation', 'value__partial_autocorrelation__lag_3', 'value__autocorrelation__lag_5', 'value__longest_strike_above_mean']",6.764856815338135
X5,6,XceptionTime,"[2257.77344365 2230.24923897 2204.38319262 2210.95709174 2236.76955157
 2268.98531972 2272.65030041 2254.11372316 2251.82604273 2304.74179283]",[2234.  2209.  2308.5 2296.  2318.  2272.  2260.  2295.5 2402.5 2379. ],59.73962686683963,74.69040326485796,2.5632866733783835,22.22222222222222,1.469652771949768,"['close', 'anomaly', 'weighted_score_with_decay', 'open', 'high', 'low', 'volume', 'EMA_14', 'RSI_14', 'MACD', 'return', 'ATR_14', 'VWAP', 'value__mean', 'value__maximum', 'value__minimum', 'value__standard_deviation', 'value__partial_autocorrelation__lag_3', 'value__autocorrelation__lag_5', 'value__longest_strike_above_mean']",14.700400352478027
X5,6,XCM,"[2258.19921039 2261.05386719 2251.19265283 2262.37831228 2270.13555938
 2278.31716674 2287.62884497 2288.84482306 2293.52814461 2316.62047653]",[2234.  2209.  2308.5 2296.  2318.  2272.  2260.  2295.5 2402.5 2379. ],42.69991206009818,51.589129416573165,1.8399721173200205,33.33333333333333,0.6598409414291382,"['close', 'anomaly', 'weighted_score_with_decay', 'open', 'high', 'low', 'volume', 'EMA_14', 'RSI_14', 'MACD', 'return', 'ATR_14', 'VWAP', 'value__mean', 'value__maximum', 'value__minimum', 'value__standard_deviation', 'value__partial_autocorrelation__lag_3', 'value__autocorrelation__lag_5', 'value__longest_strike_above_mean']",6.602515935897827
X5,6,gMLP,"[2258.8631207  2234.99244803 2204.134824   2274.93910602 2283.43055882
 2309.65886977 2279.06304615 2259.86103961 2286.44530009 2376.92343136]",[2234.  2209.  2308.5 2296.  2318.  2272.  2260.  2295.5 2402.5 2379. ],42.13432247381779,55.090117817787004,1.8190589888358206,44.44444444444444,1.3531857490539552,"['close', 'anomaly', 'weighted_score_with_decay', 'open', 'high', 'low', 'volume', 'EMA_14', 'RSI_14', 'MACD', 'return', 'ATR_14', 'VWAP', 'value__mean', 'value__maximum', 'value__minimum', 'value__standard_deviation', 'value__partial_autocorrelation__lag_3', 'value__autocorrelation__lag_5', 'value__longest_strike_above_mean']",13.535646677017212
X5,6,TSSequencerPlus,"[2224.57801258 2212.48129783 2198.76725458 2272.07598226 2264.67119666
 2257.27032105 2236.17998729 2225.1481957  2245.41543482 2355.85787961]",[2234.  2209.  2308.5 2296.  2318.  2272.  2260.  2295.5 2402.5 2379. ],48.90170332877788,68.19335727149081,2.095361035082936,44.44444444444444,1.7352760076522826,"['close', 'anomaly', 'weighted_score_with_decay', 'open', 'high', 'low', 'volume', 'EMA_14', 'RSI_14', 'MACD', 'return', 'ATR_14', 'VWAP', 'value__mean', 'value__maximum', 'value__minimum', 'value__standard_deviation', 'value__partial_autocorrelation__lag_3', 'value__autocorrelation__lag_5', 'value__longest_strike_above_mean']",17.356301307678223
YDEX,1,InceptionTime,"[4335.22920688 4327.83272047 4343.34368342 4331.2587854  4368.56198267
 4402.21841757 4397.54234308 4359.05280191 4380.28986565 4333.11971104]",[4229.5 4252.5 4200.  4313.5 4362.5 4285.  4293.  4371.5 4283.  4155. ],85.78439142675943,101.86724630796968,2.024878124931322,22.22222222222222,1.1713716030120849,['close'],11.718136072158813
YDEX,1,XceptionTime,"[4123.3272278  4133.08543568 4148.71291592 4149.79431811 4164.55119343
 4186.28158981 4192.00784291 4193.35990028 4205.87431297 4203.2160436 ]",[4229.5 4252.5 4200.  4313.5 4362.5 4285.  4293.  4371.5 4283.  4155. ],114.17213066951226,124.13618929286751,2.6564723028354615,66.66666666666666,2.3568324565887453,['close'],23.572134971618652
YDEX,1,XCM,"[4256.88542542 4267.69640119 4275.73411341 4272.83793556 4268.7928821
 4275.31693586 4269.45390823 4269.16512815 4276.26232508 4277.80903484]",[4229.5 4252.5 4200.  4313.5 4362.5 4285.  4293.  4371.5 4283.  4155. ],51.779585989497264,65.87794544999281,1.212712808980029,11.11111111111111,0.9947711944580078,['close'],9.951197624206543
YDEX,1,gMLP,"[4194.38753699 4214.06677233 4222.789728   4187.87323107 4270.0675659
 4319.74078583 4269.06612654 4258.95075131 4302.54542471 4245.80013904]",[4229.5 4252.5 4200.  4313.5 4362.5 4285.  4293.  4371.5 4283.  4155. ],59.59640934398376,71.15404728572797,1.3892324240484522,33.33333333333333,2.1065826177597047,['close'],21.069486141204834
YDEX,1,TSSequencerPlus,"[4201.44010703 4233.10554341 4265.68910548 4221.00983137 4304.30430254
 4348.20709942 4286.80264568 4300.91311664 4351.84015387 4272.45122004]",[4229.5 4252.5 4200.  4313.5 4362.5 4285.  4293.  4371.5 4283.  4155. ],59.01120321395356,67.05933209424433,1.382990851553767,44.44444444444444,2.8321325063705443,['close'],28.324935913085938
YDEX,6,InceptionTime,"[4163.94912369 4255.75541054 4287.81608658 4253.22988533 4302.24555106
 4371.75020747 4317.73445519 4291.63624581 4347.89638537 4292.5551165 ]",[4229.5 4252.5 4200.  4313.5 4362.5 4285.  4293.  4371.5 4283.  4155. ],67.0946855740298,75.45251976860834,1.5749082654075701,33.33333333333333,1.1682002305984498,"['close', 'anomaly', 'weighted_score_with_decay', 'open', 'high', 'low', 'volume', 'EMA_14', 'RSI_14', 'MACD', 'return', 'ATR_14', 'VWAP', 'value__mean', 'value__maximum', 'value__minimum', 'value__standard_deviation', 'value__partial_autocorrelation__lag_3', 'value__autocorrelation__lag_5', 'value__longest_strike_above_mean']",11.685609579086304
YDEX,6,XceptionTime,"[4160.00132664 4175.71386319 4184.32340766 4173.78727738 4179.27327004
 4189.27040052 4184.68593562 4182.77943108 4197.8587988  4189.1649738 ]",[4229.5 4252.5 4200.  4313.5 4362.5 4285.  4293.  4371.5 4283.  4155. ],99.69712628822818,113.574392737676,2.3145432826455212,33.33333333333333,2.3591883420944213,"['close', 'anomaly', 'weighted_score_with_decay', 'open', 'high', 'low', 'volume', 'EMA_14', 'RSI_14', 'MACD', 'return', 'ATR_14', 'VWAP', 'value__mean', 'value__maximum', 'value__minimum', 'value__standard_deviation', 'value__partial_autocorrelation__lag_3', 'value__autocorrelation__lag_5', 'value__longest_strike_above_mean']",23.59539294242859
YDEX,6,XCM,"[4328.91212151 4336.56187208 4358.69722344 4381.91802883 4394.34834105
 4414.92997944 4415.82009738 4409.68465787 4411.22863445 4395.30402741]",[4229.5 4252.5 4200.  4313.5 4362.5 4285.  4293.  4371.5 4283.  4155. ],110.1904983463165,124.67661076696498,2.596592282992305,55.55555555555556,1.000314211845398,"['close', 'anomaly', 'weighted_score_with_decay', 'open', 'high', 'low', 'volume', 'EMA_14', 'RSI_14', 'MACD', 'return', 'ATR_14', 'VWAP', 'value__mean', 'value__maximum', 'value__minimum', 'value__standard_deviation', 'value__partial_autocorrelation__lag_3', 'value__autocorrelation__lag_5', 'value__longest_strike_above_mean']",10.006891250610352
YDEX,6,gMLP,"[4168.73850894 4195.1949866  4204.56199086 4159.86440882 4267.39768465
 4333.76342403 4267.28343434 4262.24120753 4323.83414394 4248.36626021]",[4229.5 4252.5 4200.  4313.5 4362.5 4285.  4293.  4371.5 4283.  4155. ],68.93055881617511,80.62652370102946,1.607138899887935,33.33333333333333,2.1021147966384888,"['close', 'anomaly', 'weighted_score_with_decay', 'open', 'high', 'low', 'volume', 'EMA_14', 'RSI_14', 'MACD', 'return', 'ATR_14', 'VWAP', 'value__mean', 'value__maximum', 'value__minimum', 'value__standard_deviation', 'value__partial_autocorrelation__lag_3', 'value__autocorrelation__lag_5', 'value__longest_strike_above_mean']",21.02458930015564
YDEX,6,TSSequencerPlus,"[4158.59335508 4230.58398265 4234.09972793 4195.47216911 4235.66941464
 4303.98486373 4252.08890353 4252.59154404 4283.04267509 4247.28156684]",[4229.5 4252.5 4200.  4313.5 4362.5 4285.  4293.  4371.5 4283.  4155. ],64.29094645339501,78.3432670776016,1.498536095877483,44.44444444444444,2.847001004219055,"['close', 'anomaly', 'weighted_score_with_decay', 'open', 'high', 'low', 'volume', 'EMA_14', 'RSI_14', 'MACD', 'return', 'ATR_14', 'VWAP', 'value__mean', 'value__maximum', 'value__minimum', 'value__standard_deviation', 'value__partial_autocorrelation__lag_3', 'value__autocorrelation__lag_5', 'value__longest_strike_above_mean']",28.4743390083313
